2026-06-28 23:04:07 [restartedMain] INFO  c.d.c.A.AuthServiceApplication - Starting AuthServiceApplication using Java 21.0.11 with PID 24236 (C:\Users\Safagod\Downloads\Cash_In 2.0.1\auth-service\target\classes started by Safagod in C:\Users\Safagod\Downloads\Cash_In 2.0.1)
2026-06-28 23:04:07 [restartedMain] INFO  c.d.c.A.AuthServiceApplication - The following 1 profile is active: "dev"
2026-06-28 23:04:07 [restartedMain] INFO  o.s.b.d.e.DevToolsPropertyDefaultsPostProcessor - Devtools property defaults active! Set 'spring.devtools.add-properties' to 'false' to disable
2026-06-28 23:04:07 [restartedMain] INFO  o.s.b.d.e.DevToolsPropertyDefaultsPostProcessor - For additional web related logging consider setting the 'logging.level.web' property to 'DEBUG'
2026-06-28 23:04:08 [background-preinit] INFO  o.h.validator.internal.util.Version - HV000001: Hibernate Validator 9.0.1.Final
2026-06-28 23:04:08 [restartedMain] INFO  o.s.d.r.c.RepositoryConfigurationDelegate - Bootstrapping Spring Data JPA repositories in DEFAULT mode.
2026-06-28 23:04:09 [restartedMain] INFO  o.s.d.r.c.RepositoryConfigurationDelegate - Finished Spring Data repository scanning in 112 ms. Found 1 JPA repository interface.
2026-06-28 23:04:09 [restartedMain] INFO  o.s.cloud.context.scope.GenericScope - BeanFactory id=e341f737-d4d7-3aad-a20f-55e5dfebb589
2026-06-28 23:04:09 [restartedMain] INFO  o.s.boot.tomcat.TomcatWebServer - Tomcat initialized with port 8081 (http)
2026-06-28 23:04:09 [restartedMain] INFO  o.a.coyote.http11.Http11NioProtocol - Initializing ProtocolHandler ["http-nio-8081"]
2026-06-28 23:04:09 [restartedMain] INFO  o.a.catalina.core.StandardService - Starting service [Tomcat]
2026-06-28 23:04:09 [restartedMain] INFO  o.a.catalina.core.StandardEngine - Starting Servlet engine: [Apache Tomcat/11.0.21]
2026-06-28 23:04:10 [restartedMain] INFO  o.s.b.w.c.s.WebApplicationContextInitializer - Root WebApplicationContext: initialization completed in 2170 ms
2026-06-28 23:04:10 [restartedMain] INFO  org.hibernate.orm.jpa - HHH008540: Processing PersistenceUnitInfo [name: default]
2026-06-28 23:04:10 [restartedMain] INFO  org.hibernate.orm.core - HHH000001: Hibernate ORM core version 7.2.12.Final
2026-06-28 23:04:10 [restartedMain] INFO  o.s.o.j.p.SpringPersistenceUnitInfo - No LoadTimeWeaver setup: ignoring JPA class transformer
2026-06-28 23:04:10 [restartedMain] INFO  com.zaxxer.hikari.HikariDataSource - HikariPool-1 - Starting...
2026-06-28 23:04:11 [restartedMain] INFO  com.zaxxer.hikari.pool.HikariPool - HikariPool-1 - Added connection com.mysql.cj.jdbc.ConnectionImpl@15b30d90
2026-06-28 23:04:11 [restartedMain] INFO  com.zaxxer.hikari.HikariDataSource - HikariPool-1 - Start completed.
2026-06-28 23:04:11 [restartedMain] WARN  org.hibernate.orm.deprecation - HHH90000025: MySQLDialect does not need to be specified explicitly using 'hibernate.dialect' (remove the property setting and it will be selected by default)
2026-06-28 23:04:11 [restartedMain] INFO  o.hibernate.orm.connections.pooling - HHH10001005: Database info:
	Database JDBC URL [jdbc:mysql://localhost:3306/db_auth]
	Database driver: MySQL Connector/J
	Database dialect: MySQLDialect
	Database version: 8.0.46
	Default catalog/schema: db_auth/undefined
	Autocommit mode: undefined/unknown
	Isolation level: REPEATABLE_READ [default REPEATABLE_READ]
	JDBC fetch size: none
	Pool: DataSourceConnectionProvider
	Minimum pool size: undefined/unknown
	Maximum pool size: undefined/unknown
2026-06-28 23:04:11 [restartedMain] INFO  org.hibernate.orm.core - HHH000489: No JTA platform available (set 'hibernate.transaction.jta.platform' to enable JTA platform integration)
2026-06-28 23:04:12 [restartedMain] INFO  o.s.o.j.LocalContainerEntityManagerFactoryBean - Initialized JPA EntityManagerFactory for persistence unit 'default'
2026-06-28 23:04:12 [restartedMain] INFO  o.s.d.j.r.q.QueryEnhancerFactories - Hibernate is in classpath; If applicable, HQL parser will be used.
2026-06-28 23:04:12 [restartedMain] WARN  o.s.b.j.a.JpaBaseConfiguration$JpaWebConfiguration - spring.jpa.open-in-view is enabled by default. Therefore, database queries may be performed during view rendering. Explicitly configure spring.jpa.open-in-view to disable this warning
2026-06-28 23:04:13 [restartedMain] INFO  o.s.c.n.e.c.DiscoveryClientOptionalArgsConfiguration - Eureka HTTP Client uses RestClient.
2026-06-28 23:04:13 [restartedMain] WARN  o.s.c.l.c.LoadBalancerCacheAutoConfiguration$LoadBalancerCaffeineWarnLogger - Spring Cloud LoadBalancer is currently working with the default cache. While this cache implementation is useful for development and tests, it's recommended to use Caffeine cache in production.You can switch to using Caffeine cache, by adding it and org.springframework.cache.caffeine.CaffeineCacheManager to the classpath.
2026-06-28 23:04:13 [restartedMain] INFO  o.s.b.a.e.web.EndpointLinksResolver - Exposing 1 endpoint beneath base path '/actuator'
2026-06-28 23:04:13 [RMI TCP Connection(2)-127.0.0.1] INFO  o.a.c.c.C.[Tomcat].[localhost].[/] - Initializing Spring DispatcherServlet 'dispatcherServlet'
2026-06-28 23:04:13 [RMI TCP Connection(2)-127.0.0.1] INFO  o.s.web.servlet.DispatcherServlet - Initializing Servlet 'dispatcherServlet'
2026-06-28 23:04:13 [RMI TCP Connection(2)-127.0.0.1] INFO  o.s.web.servlet.DispatcherServlet - Completed initialization in 3 ms
2026-06-28 23:04:13 [restartedMain] INFO  o.s.c.n.eureka.InstanceInfoFactory - Setting initial instance status as: STARTING
2026-06-28 23:04:13 [restartedMain] INFO  c.netflix.discovery.DiscoveryClient - Initializing Eureka in region us-east-1
2026-06-28 23:04:13 [restartedMain] INFO  c.n.d.s.r.aws.ConfigClusterResolver - Resolving eureka endpoints via configuration
2026-06-28 23:04:13 [restartedMain] INFO  c.netflix.discovery.DiscoveryClient - Disable delta property : false
2026-06-28 23:04:13 [restartedMain] INFO  c.netflix.discovery.DiscoveryClient - Single vip registry refresh property : null
2026-06-28 23:04:13 [restartedMain] INFO  c.netflix.discovery.DiscoveryClient - Force full registry fetch : false
2026-06-28 23:04:13 [restartedMain] INFO  c.netflix.discovery.DiscoveryClient - Application is null : false
2026-06-28 23:04:13 [restartedMain] INFO  c.netflix.discovery.DiscoveryClient - Registered Applications size is zero : true
2026-06-28 23:04:13 [restartedMain] INFO  c.netflix.discovery.DiscoveryClient - Application version is -1: true
2026-06-28 23:04:13 [restartedMain] INFO  c.netflix.discovery.DiscoveryClient - Getting all instance registry info from the eureka server
2026-06-28 23:04:13 [restartedMain] INFO  c.netflix.discovery.DiscoveryClient - The response status is 200
2026-06-28 23:04:13 [restartedMain] INFO  c.netflix.discovery.DiscoveryClient - Starting heartbeat executor: renew interval is: 30
2026-06-28 23:04:13 [restartedMain] INFO  c.n.discovery.InstanceInfoReplicator - InstanceInfoReplicator onDemand update allowed rate per min is 4
2026-06-28 23:04:13 [restartedMain] INFO  c.netflix.discovery.DiscoveryClient - Discovery Client initialized at timestamp 1782702253911 with initial instances count: 0
2026-06-28 23:04:13 [restartedMain] INFO  o.s.c.n.e.s.EurekaServiceRegistry - Registering application AUTH-SERVICE with eureka with status UP
2026-06-28 23:04:13 [restartedMain] INFO  c.netflix.discovery.DiscoveryClient - Saw local status change event StatusChangeEvent [timestamp=1782702253914, current=UP, previous=STARTING]
2026-06-28 23:04:13 [restartedMain] INFO  o.a.coyote.http11.Http11NioProtocol - Starting ProtocolHandler ["http-nio-8081"]
2026-06-28 23:04:13 [DiscoveryClient-InstanceInfoReplicator-%d] INFO  c.netflix.discovery.DiscoveryClient - DiscoveryClient_AUTH-SERVICE/DESKTOP-1UVIFSR:AUTH-SERVICE:8081: registering service...
2026-06-28 23:04:13 [restartedMain] INFO  o.s.boot.tomcat.TomcatWebServer - Tomcat started on port 8081 (http) with context path '/'
2026-06-28 23:04:13 [restartedMain] INFO  o.s.c.n.e.s.EurekaAutoServiceRegistration - Updating port to 8081
2026-06-28 23:04:13 [restartedMain] INFO  c.d.c.A.AuthServiceApplication - Started AuthServiceApplication in 6.61 seconds (process running for 7.459)
2026-06-28 23:04:13 [restartedMain] WARN  o.s.c.events.SpringDocAppInitializer - SpringDoc /v3/api-docs endpoint is enabled by default. To disable it in production, set the property 'springdoc.api-docs.enabled=false'
2026-06-28 23:04:13 [restartedMain] WARN  o.s.c.events.SpringDocAppInitializer - SpringDoc /swagger-ui.html endpoint is enabled by default. To disable it in production, set the property 'springdoc.swagger-ui.enabled=false'
2026-06-28 23:04:14 [DiscoveryClient-InstanceInfoReplicator-%d] INFO  c.netflix.discovery.DiscoveryClient - DiscoveryClient_AUTH-SERVICE/DESKTOP-1UVIFSR:AUTH-SERVICE:8081 - registration status: 204
2026-06-28 23:04:27 [background-preinit] INFO  o.h.validator.internal.util.Version - HV000001: Hibernate Validator 9.0.1.Final
2026-06-28 23:04:27 [restartedMain] INFO  c.d.c.B.BudgetServiceApplication - Starting BudgetServiceApplication using Java 21.0.11 with PID 18520 (C:\Users\Safagod\Downloads\Cash_In 2.0.1\Budget_Service\target\classes started by Safagod in C:\Users\Safagod\Downloads\Cash_In 2.0.1)
2026-06-28 23:04:27 [restartedMain] INFO  c.d.c.B.BudgetServiceApplication - The following 1 profile is active: "dev"
2026-06-28 23:04:27 [restartedMain] INFO  o.s.b.d.e.DevToolsPropertyDefaultsPostProcessor - Devtools property defaults active! Set 'spring.devtools.add-properties' to 'false' to disable
2026-06-28 23:04:27 [restartedMain] INFO  o.s.b.d.e.DevToolsPropertyDefaultsPostProcessor - For additional web related logging consider setting the 'logging.level.web' property to 'DEBUG'
2026-06-28 23:04:28 [restartedMain] INFO  o.s.d.r.c.RepositoryConfigurationDelegate - Bootstrapping Spring Data JPA repositories in DEFAULT mode.
2026-06-28 23:04:28 [restartedMain] INFO  o.s.d.r.c.RepositoryConfigurationDelegate - Finished Spring Data repository scanning in 112 ms. Found 1 JPA repository interface.
2026-06-28 23:04:28 [restartedMain] INFO  o.s.cloud.context.scope.GenericScope - BeanFactory id=16b64541-fbc2-322f-ae0b-53eebd109b6d
2026-06-28 23:04:29 [restartedMain] INFO  o.s.boot.tomcat.TomcatWebServer - Tomcat initialized with port 8084 (http)
2026-06-28 23:04:29 [restartedMain] INFO  o.a.coyote.http11.Http11NioProtocol - Initializing ProtocolHandler ["http-nio-8084"]
2026-06-28 23:04:29 [restartedMain] INFO  o.a.catalina.core.StandardService - Starting service [Tomcat]
2026-06-28 23:04:29 [restartedMain] INFO  o.a.catalina.core.StandardEngine - Starting Servlet engine: [Apache Tomcat/11.0.21]
2026-06-28 23:04:29 [restartedMain] INFO  o.s.b.w.c.s.WebApplicationContextInitializer - Root WebApplicationContext: initialization completed in 2202 ms
2026-06-28 23:04:29 [restartedMain] INFO  org.hibernate.orm.jpa - HHH008540: Processing PersistenceUnitInfo [name: default]
2026-06-28 23:04:29 [restartedMain] INFO  org.hibernate.orm.core - HHH000001: Hibernate ORM core version 7.2.12.Final
2026-06-28 23:04:30 [restartedMain] INFO  o.s.o.j.p.SpringPersistenceUnitInfo - No LoadTimeWeaver setup: ignoring JPA class transformer
2026-06-28 23:04:30 [restartedMain] INFO  com.zaxxer.hikari.HikariDataSource - HikariPool-1 - Starting...
2026-06-28 23:04:30 [restartedMain] INFO  com.zaxxer.hikari.pool.HikariPool - HikariPool-1 - Added connection com.mysql.cj.jdbc.ConnectionImpl@2a4d71f5
2026-06-28 23:04:30 [restartedMain] INFO  com.zaxxer.hikari.HikariDataSource - HikariPool-1 - Start completed.
2026-06-28 23:04:30 [restartedMain] WARN  org.hibernate.orm.deprecation - HHH90000025: MySQLDialect does not need to be specified explicitly using 'hibernate.dialect' (remove the property setting and it will be selected by default)
2026-06-28 23:04:30 [restartedMain] INFO  o.hibernate.orm.connections.pooling - HHH10001005: Database info:
	Database JDBC URL [jdbc:mysql://localhost:3306/db_budgets]
	Database driver: MySQL Connector/J
	Database dialect: MySQLDialect
	Database version: 8.0.46
	Default catalog/schema: db_budgets/undefined
	Autocommit mode: undefined/unknown
	Isolation level: REPEATABLE_READ [default REPEATABLE_READ]
	JDBC fetch size: none
	Pool: DataSourceConnectionProvider
	Minimum pool size: undefined/unknown
	Maximum pool size: undefined/unknown
2026-06-28 23:04:31 [restartedMain] INFO  org.hibernate.orm.core - HHH000489: No JTA platform available (set 'hibernate.transaction.jta.platform' to enable JTA platform integration)
2026-06-28 23:04:31 [restartedMain] INFO  o.s.o.j.LocalContainerEntityManagerFactoryBean - Initialized JPA EntityManagerFactory for persistence unit 'default'
2026-06-28 23:04:31 [restartedMain] INFO  o.s.d.j.r.q.QueryEnhancerFactories - Hibernate is in classpath; If applicable, HQL parser will be used.
2026-06-28 23:04:31 [restartedMain] WARN  o.s.b.j.a.JpaBaseConfiguration$JpaWebConfiguration - spring.jpa.open-in-view is enabled by default. Therefore, database queries may be performed during view rendering. Explicitly configure spring.jpa.open-in-view to disable this warning
2026-06-28 23:04:32 [restartedMain] INFO  o.s.c.n.e.c.DiscoveryClientOptionalArgsConfiguration - Eureka HTTP Client uses RestClient.
2026-06-28 23:04:32 [RMI TCP Connection(2)-127.0.0.1] INFO  o.a.c.c.C.[Tomcat].[localhost].[/] - Initializing Spring DispatcherServlet 'dispatcherServlet'
2026-06-28 23:04:32 [RMI TCP Connection(2)-127.0.0.1] INFO  o.s.web.servlet.DispatcherServlet - Initializing Servlet 'dispatcherServlet'
2026-06-28 23:04:32 [RMI TCP Connection(2)-127.0.0.1] INFO  o.s.b.f.s.DefaultListableBeanFactory - Obtaining singleton bean 'webEndpointServletHandlerMapping' in thread "RMI TCP Connection(2)-127.0.0.1" while other thread holds singleton lock for other beans [loadBalancerEagerContextInitializer]
2026-06-28 23:04:32 [RMI TCP Connection(2)-127.0.0.1] INFO  o.s.b.a.e.web.EndpointLinksResolver - Exposing 1 endpoint beneath base path '/actuator'
2026-06-28 23:04:32 [RMI TCP Connection(2)-127.0.0.1] INFO  o.s.web.servlet.DispatcherServlet - Completed initialization in 22 ms
2026-06-28 23:04:32 [restartedMain] WARN  o.s.c.l.c.LoadBalancerCacheAutoConfiguration$LoadBalancerCaffeineWarnLogger - Spring Cloud LoadBalancer is currently working with the default cache. While this cache implementation is useful for development and tests, it's recommended to use Caffeine cache in production.You can switch to using Caffeine cache, by adding it and org.springframework.cache.caffeine.CaffeineCacheManager to the classpath.
2026-06-28 23:04:32 [restartedMain] INFO  o.s.c.n.eureka.InstanceInfoFactory - Setting initial instance status as: STARTING
2026-06-28 23:04:32 [restartedMain] INFO  c.netflix.discovery.DiscoveryClient - Initializing Eureka in region us-east-1
2026-06-28 23:04:32 [restartedMain] INFO  c.n.d.s.r.aws.ConfigClusterResolver - Resolving eureka endpoints via configuration
2026-06-28 23:04:32 [restartedMain] INFO  c.netflix.discovery.DiscoveryClient - Disable delta property : false
2026-06-28 23:04:32 [restartedMain] INFO  c.netflix.discovery.DiscoveryClient - Single vip registry refresh property : null
2026-06-28 23:04:32 [restartedMain] INFO  c.netflix.discovery.DiscoveryClient - Force full registry fetch : false
2026-06-28 23:04:32 [restartedMain] INFO  c.netflix.discovery.DiscoveryClient - Application is null : false
2026-06-28 23:04:32 [restartedMain] INFO  c.netflix.discovery.DiscoveryClient - Registered Applications size is zero : true
2026-06-28 23:04:32 [restartedMain] INFO  c.netflix.discovery.DiscoveryClient - Application version is -1: true
2026-06-28 23:04:32 [restartedMain] INFO  c.netflix.discovery.DiscoveryClient - Getting all instance registry info from the eureka server
2026-06-28 23:04:33 [restartedMain] INFO  c.netflix.discovery.DiscoveryClient - The response status is 200
2026-06-28 23:04:33 [restartedMain] INFO  c.netflix.discovery.DiscoveryClient - Starting heartbeat executor: renew interval is: 30
2026-06-28 23:04:33 [restartedMain] INFO  c.n.discovery.InstanceInfoReplicator - InstanceInfoReplicator onDemand update allowed rate per min is 4
2026-06-28 23:04:33 [restartedMain] INFO  c.netflix.discovery.DiscoveryClient - Discovery Client initialized at timestamp 1782702273215 with initial instances count: 1
2026-06-28 23:04:33 [restartedMain] INFO  o.s.c.n.e.s.EurekaServiceRegistry - Registering application BUDGET-SERVICE with eureka with status UP
2026-06-28 23:04:33 [restartedMain] INFO  c.netflix.discovery.DiscoveryClient - Saw local status change event StatusChangeEvent [timestamp=1782702273219, current=UP, previous=STARTING]
2026-06-28 23:04:33 [DiscoveryClient-InstanceInfoReplicator-%d] INFO  c.netflix.discovery.DiscoveryClient - DiscoveryClient_BUDGET-SERVICE/DESKTOP-1UVIFSR:BUDGET-SERVICE:8084: registering service...
2026-06-28 23:04:33 [restartedMain] INFO  o.a.coyote.http11.Http11NioProtocol - Starting ProtocolHandler ["http-nio-8084"]
2026-06-28 23:04:33 [restartedMain] INFO  o.s.boot.tomcat.TomcatWebServer - Tomcat started on port 8084 (http) with context path '/'
2026-06-28 23:04:33 [restartedMain] INFO  o.s.c.n.e.s.EurekaAutoServiceRegistration - Updating port to 8084
2026-06-28 23:04:33 [restartedMain] INFO  c.d.c.B.BudgetServiceApplication - Started BudgetServiceApplication in 6.514 seconds (process running for 7.426)
2026-06-28 23:04:33 [restartedMain] WARN  o.s.c.events.SpringDocAppInitializer - SpringDoc /v3/api-docs endpoint is enabled by default. To disable it in production, set the property 'springdoc.api-docs.enabled=false'
2026-06-28 23:04:33 [restartedMain] WARN  o.s.c.events.SpringDocAppInitializer - SpringDoc /swagger-ui.html endpoint is enabled by default. To disable it in production, set the property 'springdoc.swagger-ui.enabled=false'
2026-06-28 23:04:33 [DiscoveryClient-InstanceInfoReplicator-%d] INFO  c.netflix.discovery.DiscoveryClient - DiscoveryClient_BUDGET-SERVICE/DESKTOP-1UVIFSR:BUDGET-SERVICE:8084 - registration status: 204
2026-06-28 23:04:43 [DiscoveryClient-CacheRefreshExecutor-%d] INFO  c.netflix.discovery.DiscoveryClient - Disable delta property : false
2026-06-28 23:04:43 [DiscoveryClient-CacheRefreshExecutor-%d] INFO  c.netflix.discovery.DiscoveryClient - Single vip registry refresh property : null
2026-06-28 23:04:43 [DiscoveryClient-CacheRefreshExecutor-%d] INFO  c.netflix.discovery.DiscoveryClient - Force full registry fetch : false
2026-06-28 23:04:43 [DiscoveryClient-CacheRefreshExecutor-%d] INFO  c.netflix.discovery.DiscoveryClient - Application is null : false
2026-06-28 23:04:43 [DiscoveryClient-CacheRefreshExecutor-%d] INFO  c.netflix.discovery.DiscoveryClient - Registered Applications size is zero : true
2026-06-28 23:04:43 [DiscoveryClient-CacheRefreshExecutor-%d] INFO  c.netflix.discovery.DiscoveryClient - Application version is -1: false
2026-06-28 23:04:43 [DiscoveryClient-CacheRefreshExecutor-%d] INFO  c.netflix.discovery.DiscoveryClient - Getting all instance registry info from the eureka server
2026-06-28 23:04:43 [DiscoveryClient-CacheRefreshExecutor-%d] INFO  c.netflix.discovery.DiscoveryClient - The response status is 200
2026-06-28 23:05:51 [background-preinit] INFO  o.h.validator.internal.util.Version - HV000001: Hibernate Validator 9.0.1.Final
2026-06-28 23:05:51 [restartedMain] INFO  c.d.c.N.NotificationServiceApplication - Starting NotificationServiceApplication using Java 21.0.11 with PID 25896 (C:\Users\Safagod\Downloads\Cash_In 2.0.1\Notification_Service\target\classes started by Safagod in C:\Users\Safagod\Downloads\Cash_In 2.0.1)
2026-06-28 23:05:51 [restartedMain] INFO  c.d.c.N.NotificationServiceApplication - The following 1 profile is active: "dev"
2026-06-28 23:05:51 [restartedMain] INFO  o.s.b.d.e.DevToolsPropertyDefaultsPostProcessor - Devtools property defaults active! Set 'spring.devtools.add-properties' to 'false' to disable
2026-06-28 23:05:51 [restartedMain] INFO  o.s.b.d.e.DevToolsPropertyDefaultsPostProcessor - For additional web related logging consider setting the 'logging.level.web' property to 'DEBUG'
2026-06-28 23:05:52 [restartedMain] INFO  o.s.d.r.c.RepositoryConfigurationDelegate - Bootstrapping Spring Data JPA repositories in DEFAULT mode.
2026-06-28 23:05:52 [restartedMain] INFO  o.s.d.r.c.RepositoryConfigurationDelegate - Finished Spring Data repository scanning in 110 ms. Found 1 JPA repository interface.
2026-06-28 23:05:53 [restartedMain] INFO  o.s.cloud.context.scope.GenericScope - BeanFactory id=09fec00c-3aef-34eb-baad-fa0a52253bad
2026-06-28 23:05:53 [restartedMain] INFO  o.s.boot.tomcat.TomcatWebServer - Tomcat initialized with port 8088 (http)
2026-06-28 23:05:53 [restartedMain] INFO  o.a.coyote.http11.Http11NioProtocol - Initializing ProtocolHandler ["http-nio-8088"]
2026-06-28 23:05:53 [restartedMain] INFO  o.a.catalina.core.StandardService - Starting service [Tomcat]
2026-06-28 23:05:53 [restartedMain] INFO  o.a.catalina.core.StandardEngine - Starting Servlet engine: [Apache Tomcat/11.0.21]
2026-06-28 23:05:53 [restartedMain] INFO  o.s.b.w.c.s.WebApplicationContextInitializer - Root WebApplicationContext: initialization completed in 2242 ms
2026-06-28 23:05:53 [restartedMain] INFO  org.hibernate.orm.jpa - HHH008540: Processing PersistenceUnitInfo [name: default]
2026-06-28 23:05:53 [restartedMain] INFO  org.hibernate.orm.core - HHH000001: Hibernate ORM core version 7.2.12.Final
2026-06-28 23:05:54 [restartedMain] INFO  o.s.o.j.p.SpringPersistenceUnitInfo - No LoadTimeWeaver setup: ignoring JPA class transformer
2026-06-28 23:05:54 [restartedMain] INFO  com.zaxxer.hikari.HikariDataSource - HikariPool-1 - Starting...
2026-06-28 23:05:54 [restartedMain] INFO  com.zaxxer.hikari.pool.HikariPool - HikariPool-1 - Added connection com.mysql.cj.jdbc.ConnectionImpl@38ca65bc
2026-06-28 23:05:54 [restartedMain] INFO  com.zaxxer.hikari.HikariDataSource - HikariPool-1 - Start completed.
2026-06-28 23:05:54 [restartedMain] WARN  org.hibernate.orm.deprecation - HHH90000025: MySQLDialect does not need to be specified explicitly using 'hibernate.dialect' (remove the property setting and it will be selected by default)
2026-06-28 23:05:54 [restartedMain] INFO  o.hibernate.orm.connections.pooling - HHH10001005: Database info:
	Database JDBC URL [jdbc:mysql://localhost:3306/db_notifications]
	Database driver: MySQL Connector/J
	Database dialect: MySQLDialect
	Database version: 8.0.46
	Default catalog/schema: db_notifications/undefined
	Autocommit mode: undefined/unknown
	Isolation level: REPEATABLE_READ [default REPEATABLE_READ]
	JDBC fetch size: none
	Pool: DataSourceConnectionProvider
	Minimum pool size: undefined/unknown
	Maximum pool size: undefined/unknown
2026-06-28 23:05:55 [restartedMain] INFO  org.hibernate.orm.core - HHH000489: No JTA platform available (set 'hibernate.transaction.jta.platform' to enable JTA platform integration)
2026-06-28 23:05:55 [restartedMain] INFO  o.s.o.j.LocalContainerEntityManagerFactoryBean - Initialized JPA EntityManagerFactory for persistence unit 'default'
2026-06-28 23:05:55 [restartedMain] INFO  o.s.d.j.r.q.QueryEnhancerFactories - Hibernate is in classpath; If applicable, HQL parser will be used.
2026-06-28 23:05:56 [restartedMain] WARN  o.s.b.j.a.JpaBaseConfiguration$JpaWebConfiguration - spring.jpa.open-in-view is enabled by default. Therefore, database queries may be performed during view rendering. Explicitly configure spring.jpa.open-in-view to disable this warning
2026-06-28 23:05:57 [restartedMain] INFO  o.s.c.n.e.c.DiscoveryClientOptionalArgsConfiguration - Eureka HTTP Client uses RestClient.
2026-06-28 23:05:57 [restartedMain] WARN  o.s.c.l.c.LoadBalancerCacheAutoConfiguration$LoadBalancerCaffeineWarnLogger - Spring Cloud LoadBalancer is currently working with the default cache. While this cache implementation is useful for development and tests, it's recommended to use Caffeine cache in production.You can switch to using Caffeine cache, by adding it and org.springframework.cache.caffeine.CaffeineCacheManager to the classpath.
2026-06-28 23:05:57 [restartedMain] INFO  o.s.b.a.e.web.EndpointLinksResolver - Exposing 1 endpoint beneath base path '/actuator'
2026-06-28 23:05:57 [restartedMain] INFO  o.s.c.n.eureka.InstanceInfoFactory - Setting initial instance status as: STARTING
2026-06-28 23:05:57 [restartedMain] INFO  c.netflix.discovery.DiscoveryClient - Initializing Eureka in region us-east-1
2026-06-28 23:05:57 [restartedMain] INFO  c.n.d.s.r.aws.ConfigClusterResolver - Resolving eureka endpoints via configuration
2026-06-28 23:05:57 [restartedMain] INFO  c.netflix.discovery.DiscoveryClient - Disable delta property : false
2026-06-28 23:05:57 [restartedMain] INFO  c.netflix.discovery.DiscoveryClient - Single vip registry refresh property : null
2026-06-28 23:05:57 [restartedMain] INFO  c.netflix.discovery.DiscoveryClient - Force full registry fetch : false
2026-06-28 23:05:57 [restartedMain] INFO  c.netflix.discovery.DiscoveryClient - Application is null : false
2026-06-28 23:05:57 [restartedMain] INFO  c.netflix.discovery.DiscoveryClient - Registered Applications size is zero : true
2026-06-28 23:05:57 [restartedMain] INFO  c.netflix.discovery.DiscoveryClient - Application version is -1: true
2026-06-28 23:05:57 [restartedMain] INFO  c.netflix.discovery.DiscoveryClient - Getting all instance registry info from the eureka server
2026-06-28 23:05:58 [restartedMain] INFO  c.netflix.discovery.DiscoveryClient - The response status is 200
2026-06-28 23:05:58 [restartedMain] INFO  c.netflix.discovery.DiscoveryClient - Starting heartbeat executor: renew interval is: 30
2026-06-28 23:05:58 [restartedMain] INFO  c.n.discovery.InstanceInfoReplicator - InstanceInfoReplicator onDemand update allowed rate per min is 4
2026-06-28 23:05:58 [restartedMain] INFO  c.netflix.discovery.DiscoveryClient - Discovery Client initialized at timestamp 1782702358079 with initial instances count: 2
2026-06-28 23:05:58 [restartedMain] INFO  o.s.c.n.e.s.EurekaServiceRegistry - Registering application NOTIFICATION-SERVICE with eureka with status UP
2026-06-28 23:05:58 [restartedMain] INFO  c.netflix.discovery.DiscoveryClient - Saw local status change event StatusChangeEvent [timestamp=1782702358085, current=UP, previous=STARTING]
2026-06-28 23:05:58 [DiscoveryClient-InstanceInfoReplicator-%d] INFO  c.netflix.discovery.DiscoveryClient - DiscoveryClient_NOTIFICATION-SERVICE/DESKTOP-1UVIFSR:NOTIFICATION-SERVICE:8088: registering service...
2026-06-28 23:05:58 [restartedMain] INFO  o.a.coyote.http11.Http11NioProtocol - Starting ProtocolHandler ["http-nio-8088"]
2026-06-28 23:05:58 [restartedMain] INFO  o.s.boot.tomcat.TomcatWebServer - Tomcat started on port 8088 (http) with context path '/'
2026-06-28 23:05:58 [restartedMain] INFO  o.s.c.n.e.s.EurekaAutoServiceRegistration - Updating port to 8088
2026-06-28 23:05:58 [restartedMain] INFO  c.d.c.N.NotificationServiceApplication - Started NotificationServiceApplication in 7.292 seconds (process running for 8.177)
2026-06-28 23:05:58 [DiscoveryClient-InstanceInfoReplicator-%d] INFO  c.netflix.discovery.DiscoveryClient - DiscoveryClient_NOTIFICATION-SERVICE/DESKTOP-1UVIFSR:NOTIFICATION-SERVICE:8088 - registration status: 204
2026-06-28 23:05:58 [restartedMain] WARN  o.s.c.events.SpringDocAppInitializer - SpringDoc /v3/api-docs endpoint is enabled by default. To disable it in production, set the property 'springdoc.api-docs.enabled=false'
2026-06-28 23:05:58 [restartedMain] WARN  o.s.c.events.SpringDocAppInitializer - SpringDoc /swagger-ui.html endpoint is enabled by default. To disable it in production, set the property 'springdoc.swagger-ui.enabled=false'
2026-06-28 23:05:59 [RMI TCP Connection(2)-127.0.0.1] INFO  o.a.c.c.C.[Tomcat].[localhost].[/] - Initializing Spring DispatcherServlet 'dispatcherServlet'
2026-06-28 23:05:59 [RMI TCP Connection(2)-127.0.0.1] INFO  o.s.web.servlet.DispatcherServlet - Initializing Servlet 'dispatcherServlet'
2026-06-28 23:05:59 [RMI TCP Connection(2)-127.0.0.1] INFO  o.s.web.servlet.DispatcherServlet - Completed initialization in 1 ms
2026-06-28 23:06:04 [restartedMain] INFO  c.d.c.P.PromotionServiceApplication - Starting PromotionServiceApplication using Java 21.0.11 with PID 26448 (C:\Users\Safagod\Downloads\Cash_In 2.0.1\Promotion_Service\target\classes started by Safagod in C:\Users\Safagod\Downloads\Cash_In 2.0.1)
2026-06-28 23:06:04 [restartedMain] INFO  c.d.c.P.PromotionServiceApplication - The following 1 profile is active: "dev"
2026-06-28 23:06:04 [restartedMain] INFO  o.s.b.d.e.DevToolsPropertyDefaultsPostProcessor - Devtools property defaults active! Set 'spring.devtools.add-properties' to 'false' to disable
2026-06-28 23:06:04 [restartedMain] INFO  o.s.b.d.e.DevToolsPropertyDefaultsPostProcessor - For additional web related logging consider setting the 'logging.level.web' property to 'DEBUG'
2026-06-28 23:06:04 [background-preinit] INFO  o.h.validator.internal.util.Version - HV000001: Hibernate Validator 9.0.1.Final
2026-06-28 23:06:05 [restartedMain] INFO  o.s.d.r.c.RepositoryConfigurationDelegate - Bootstrapping Spring Data JPA repositories in DEFAULT mode.
2026-06-28 23:06:05 [restartedMain] INFO  o.s.d.r.c.RepositoryConfigurationDelegate - Finished Spring Data repository scanning in 105 ms. Found 1 JPA repository interface.
2026-06-28 23:06:05 [restartedMain] INFO  o.s.cloud.context.scope.GenericScope - BeanFactory id=d9ccca9f-768f-34a2-8e8f-bff5dfb3c1d6
2026-06-28 23:06:06 [restartedMain] INFO  o.s.boot.tomcat.TomcatWebServer - Tomcat initialized with port 8089 (http)
2026-06-28 23:06:06 [restartedMain] INFO  o.a.coyote.http11.Http11NioProtocol - Initializing ProtocolHandler ["http-nio-8089"]
2026-06-28 23:06:06 [restartedMain] INFO  o.a.catalina.core.StandardService - Starting service [Tomcat]
2026-06-28 23:06:06 [restartedMain] INFO  o.a.catalina.core.StandardEngine - Starting Servlet engine: [Apache Tomcat/11.0.21]
2026-06-28 23:06:06 [restartedMain] INFO  o.s.b.w.c.s.WebApplicationContextInitializer - Root WebApplicationContext: initialization completed in 2330 ms
2026-06-28 23:06:06 [restartedMain] INFO  org.hibernate.orm.jpa - HHH008540: Processing PersistenceUnitInfo [name: default]
2026-06-28 23:06:06 [restartedMain] INFO  org.hibernate.orm.core - HHH000001: Hibernate ORM core version 7.2.12.Final
2026-06-28 23:06:07 [restartedMain] INFO  o.s.o.j.p.SpringPersistenceUnitInfo - No LoadTimeWeaver setup: ignoring JPA class transformer
2026-06-28 23:06:07 [restartedMain] INFO  com.zaxxer.hikari.HikariDataSource - HikariPool-1 - Starting...
2026-06-28 23:06:07 [restartedMain] INFO  com.zaxxer.hikari.pool.HikariPool - HikariPool-1 - Added connection com.mysql.cj.jdbc.ConnectionImpl@7dde6783
2026-06-28 23:06:07 [restartedMain] INFO  com.zaxxer.hikari.HikariDataSource - HikariPool-1 - Start completed.
2026-06-28 23:06:07 [restartedMain] WARN  org.hibernate.orm.deprecation - HHH90000025: MySQLDialect does not need to be specified explicitly using 'hibernate.dialect' (remove the property setting and it will be selected by default)
2026-06-28 23:06:07 [restartedMain] INFO  o.hibernate.orm.connections.pooling - HHH10001005: Database info:
	Database JDBC URL [jdbc:mysql://localhost:3306/db_promotions]
	Database driver: MySQL Connector/J
	Database dialect: MySQLDialect
	Database version: 8.0.46
	Default catalog/schema: db_promotions/undefined
	Autocommit mode: undefined/unknown
	Isolation level: REPEATABLE_READ [default REPEATABLE_READ]
	JDBC fetch size: none
	Pool: DataSourceConnectionProvider
	Minimum pool size: undefined/unknown
	Maximum pool size: undefined/unknown
2026-06-28 23:06:08 [restartedMain] INFO  org.hibernate.orm.core - HHH000489: No JTA platform available (set 'hibernate.transaction.jta.platform' to enable JTA platform integration)
2026-06-28 23:06:08 [restartedMain] INFO  o.s.o.j.LocalContainerEntityManagerFactoryBean - Initialized JPA EntityManagerFactory for persistence unit 'default'
2026-06-28 23:06:08 [restartedMain] INFO  o.s.d.j.r.q.QueryEnhancerFactories - Hibernate is in classpath; If applicable, HQL parser will be used.
2026-06-28 23:06:09 [restartedMain] WARN  o.s.b.j.a.JpaBaseConfiguration$JpaWebConfiguration - spring.jpa.open-in-view is enabled by default. Therefore, database queries may be performed during view rendering. Explicitly configure spring.jpa.open-in-view to disable this warning
2026-06-28 23:06:10 [restartedMain] INFO  o.s.c.n.e.c.DiscoveryClientOptionalArgsConfiguration - Eureka HTTP Client uses RestClient.
2026-06-28 23:06:10 [restartedMain] WARN  o.s.c.l.c.LoadBalancerCacheAutoConfiguration$LoadBalancerCaffeineWarnLogger - Spring Cloud LoadBalancer is currently working with the default cache. While this cache implementation is useful for development and tests, it's recommended to use Caffeine cache in production.You can switch to using Caffeine cache, by adding it and org.springframework.cache.caffeine.CaffeineCacheManager to the classpath.
2026-06-28 23:06:10 [restartedMain] INFO  o.s.b.a.e.web.EndpointLinksResolver - Exposing 1 endpoint beneath base path '/actuator'
2026-06-28 23:06:10 [restartedMain] INFO  o.s.c.n.eureka.InstanceInfoFactory - Setting initial instance status as: STARTING
2026-06-28 23:06:10 [restartedMain] INFO  c.netflix.discovery.DiscoveryClient - Initializing Eureka in region us-east-1
2026-06-28 23:06:10 [restartedMain] INFO  c.n.d.s.r.aws.ConfigClusterResolver - Resolving eureka endpoints via configuration
2026-06-28 23:06:10 [restartedMain] INFO  c.netflix.discovery.DiscoveryClient - Disable delta property : false
2026-06-28 23:06:10 [restartedMain] INFO  c.netflix.discovery.DiscoveryClient - Single vip registry refresh property : null
2026-06-28 23:06:10 [restartedMain] INFO  c.netflix.discovery.DiscoveryClient - Force full registry fetch : false
2026-06-28 23:06:10 [restartedMain] INFO  c.netflix.discovery.DiscoveryClient - Application is null : false
2026-06-28 23:06:10 [restartedMain] INFO  c.netflix.discovery.DiscoveryClient - Registered Applications size is zero : true
2026-06-28 23:06:10 [restartedMain] INFO  c.netflix.discovery.DiscoveryClient - Application version is -1: true
2026-06-28 23:06:10 [restartedMain] INFO  c.netflix.discovery.DiscoveryClient - Getting all instance registry info from the eureka server
2026-06-28 23:06:11 [restartedMain] INFO  c.netflix.discovery.DiscoveryClient - The response status is 200
2026-06-28 23:06:11 [restartedMain] INFO  c.netflix.discovery.DiscoveryClient - Starting heartbeat executor: renew interval is: 30
2026-06-28 23:06:11 [restartedMain] INFO  c.n.discovery.InstanceInfoReplicator - InstanceInfoReplicator onDemand update allowed rate per min is 4
2026-06-28 23:06:11 [restartedMain] INFO  c.netflix.discovery.DiscoveryClient - Discovery Client initialized at timestamp 1782702371071 with initial instances count: 3
2026-06-28 23:06:11 [restartedMain] INFO  o.s.c.n.e.s.EurekaServiceRegistry - Registering application PROMOTION-SERVICE with eureka with status UP
2026-06-28 23:06:11 [restartedMain] INFO  c.netflix.discovery.DiscoveryClient - Saw local status change event StatusChangeEvent [timestamp=1782702371076, current=UP, previous=STARTING]
2026-06-28 23:06:11 [DiscoveryClient-InstanceInfoReplicator-%d] INFO  c.netflix.discovery.DiscoveryClient - DiscoveryClient_PROMOTION-SERVICE/DESKTOP-1UVIFSR:PROMOTION-SERVICE:8089: registering service...
2026-06-28 23:06:11 [restartedMain] INFO  o.a.coyote.http11.Http11NioProtocol - Starting ProtocolHandler ["http-nio-8089"]
2026-06-28 23:06:11 [restartedMain] INFO  o.s.boot.tomcat.TomcatWebServer - Tomcat started on port 8089 (http) with context path '/'
2026-06-28 23:06:11 [restartedMain] INFO  o.s.c.n.e.s.EurekaAutoServiceRegistration - Updating port to 8089
2026-06-28 23:06:11 [restartedMain] INFO  c.d.c.P.PromotionServiceApplication - Started PromotionServiceApplication in 7.466 seconds (process running for 8.33)
2026-06-28 23:06:11 [DiscoveryClient-InstanceInfoReplicator-%d] INFO  c.netflix.discovery.DiscoveryClient - DiscoveryClient_PROMOTION-SERVICE/DESKTOP-1UVIFSR:PROMOTION-SERVICE:8089 - registration status: 204
2026-06-28 23:06:11 [restartedMain] WARN  o.s.c.events.SpringDocAppInitializer - SpringDoc /v3/api-docs endpoint is enabled by default. To disable it in production, set the property 'springdoc.api-docs.enabled=false'
2026-06-28 23:06:11 [restartedMain] WARN  o.s.c.events.SpringDocAppInitializer - SpringDoc /swagger-ui.html endpoint is enabled by default. To disable it in production, set the property 'springdoc.swagger-ui.enabled=false'
2026-06-28 23:06:12 [RMI TCP Connection(2)-127.0.0.1] INFO  o.a.c.c.C.[Tomcat].[localhost].[/] - Initializing Spring DispatcherServlet 'dispatcherServlet'
2026-06-28 23:06:12 [RMI TCP Connection(2)-127.0.0.1] INFO  o.s.web.servlet.DispatcherServlet - Initializing Servlet 'dispatcherServlet'
2026-06-28 23:06:12 [RMI TCP Connection(2)-127.0.0.1] INFO  o.s.web.servlet.DispatcherServlet - Completed initialization in 1 ms
2026-06-28 23:06:17 [background-preinit] INFO  o.h.validator.internal.util.Version - HV000001: Hibernate Validator 9.0.1.Final
2026-06-28 23:06:17 [restartedMain] INFO  c.d.c.U.UserServiceApplication - Starting UserServiceApplication using Java 21.0.11 with PID 26084 (C:\Users\Safagod\Downloads\Cash_In 2.0.1\UserService\target\classes started by Safagod in C:\Users\Safagod\Downloads\Cash_In 2.0.1)
2026-06-28 23:06:17 [restartedMain] INFO  c.d.c.U.UserServiceApplication - The following 1 profile is active: "dev"
2026-06-28 23:06:17 [restartedMain] INFO  o.s.b.d.e.DevToolsPropertyDefaultsPostProcessor - Devtools property defaults active! Set 'spring.devtools.add-properties' to 'false' to disable
2026-06-28 23:06:17 [restartedMain] INFO  o.s.b.d.e.DevToolsPropertyDefaultsPostProcessor - For additional web related logging consider setting the 'logging.level.web' property to 'DEBUG'
2026-06-28 23:06:18 [restartedMain] INFO  o.s.d.r.c.RepositoryConfigurationDelegate - Bootstrapping Spring Data JPA repositories in DEFAULT mode.
2026-06-28 23:06:18 [restartedMain] INFO  o.s.d.r.c.RepositoryConfigurationDelegate - Finished Spring Data repository scanning in 115 ms. Found 1 JPA repository interface.
2026-06-28 23:06:19 [restartedMain] INFO  o.s.cloud.context.scope.GenericScope - BeanFactory id=2e5c4e05-4f0d-3824-8a3c-8e424b4c99c8
2026-06-28 23:06:19 [restartedMain] INFO  o.s.boot.tomcat.TomcatWebServer - Tomcat initialized with port 8080 (http)
2026-06-28 23:06:19 [restartedMain] INFO  o.a.coyote.http11.Http11NioProtocol - Initializing ProtocolHandler ["http-nio-8080"]
2026-06-28 23:06:19 [restartedMain] INFO  o.a.catalina.core.StandardService - Starting service [Tomcat]
2026-06-28 23:06:19 [restartedMain] INFO  o.a.catalina.core.StandardEngine - Starting Servlet engine: [Apache Tomcat/11.0.21]
2026-06-28 23:06:19 [restartedMain] INFO  o.s.b.w.c.s.WebApplicationContextInitializer - Root WebApplicationContext: initialization completed in 2314 ms
2026-06-28 23:06:20 [restartedMain] INFO  org.hibernate.orm.jpa - HHH008540: Processing PersistenceUnitInfo [name: default]
2026-06-28 23:06:20 [restartedMain] INFO  org.hibernate.orm.core - HHH000001: Hibernate ORM core version 7.2.12.Final
2026-06-28 23:06:20 [restartedMain] INFO  o.s.o.j.p.SpringPersistenceUnitInfo - No LoadTimeWeaver setup: ignoring JPA class transformer
2026-06-28 23:06:20 [restartedMain] INFO  com.zaxxer.hikari.HikariDataSource - HikariPool-1 - Starting...
2026-06-28 23:06:21 [restartedMain] INFO  com.zaxxer.hikari.pool.HikariPool - HikariPool-1 - Added connection com.mysql.cj.jdbc.ConnectionImpl@226c6f2c
2026-06-28 23:06:21 [restartedMain] INFO  com.zaxxer.hikari.HikariDataSource - HikariPool-1 - Start completed.
2026-06-28 23:06:21 [restartedMain] WARN  org.hibernate.orm.deprecation - HHH90000025: MySQLDialect does not need to be specified explicitly using 'hibernate.dialect' (remove the property setting and it will be selected by default)
2026-06-28 23:06:21 [restartedMain] INFO  o.hibernate.orm.connections.pooling - HHH10001005: Database info:
	Database JDBC URL [jdbc:mysql://localhost:3306/db_users]
	Database driver: MySQL Connector/J
	Database dialect: MySQLDialect
	Database version: 8.0.46
	Default catalog/schema: db_users/undefined
	Autocommit mode: undefined/unknown
	Isolation level: REPEATABLE_READ [default REPEATABLE_READ]
	JDBC fetch size: none
	Pool: DataSourceConnectionProvider
	Minimum pool size: undefined/unknown
	Maximum pool size: undefined/unknown
2026-06-28 23:06:21 [restartedMain] INFO  org.hibernate.orm.core - HHH000489: No JTA platform available (set 'hibernate.transaction.jta.platform' to enable JTA platform integration)
2026-06-28 23:06:21 [restartedMain] INFO  o.s.o.j.LocalContainerEntityManagerFactoryBean - Initialized JPA EntityManagerFactory for persistence unit 'default'
2026-06-28 23:06:22 [restartedMain] INFO  o.s.d.j.r.q.QueryEnhancerFactories - Hibernate is in classpath; If applicable, HQL parser will be used.
2026-06-28 23:06:22 [restartedMain] WARN  o.s.b.j.a.JpaBaseConfiguration$JpaWebConfiguration - spring.jpa.open-in-view is enabled by default. Therefore, database queries may be performed during view rendering. Explicitly configure spring.jpa.open-in-view to disable this warning
2026-06-28 23:06:23 [restartedMain] INFO  o.s.c.n.e.c.DiscoveryClientOptionalArgsConfiguration - Eureka HTTP Client uses RestClient.
2026-06-28 23:06:23 [restartedMain] WARN  o.s.c.l.c.LoadBalancerCacheAutoConfiguration$LoadBalancerCaffeineWarnLogger - Spring Cloud LoadBalancer is currently working with the default cache. While this cache implementation is useful for development and tests, it's recommended to use Caffeine cache in production.You can switch to using Caffeine cache, by adding it and org.springframework.cache.caffeine.CaffeineCacheManager to the classpath.
2026-06-28 23:06:23 [restartedMain] INFO  o.s.b.a.e.web.EndpointLinksResolver - Exposing 1 endpoint beneath base path '/actuator'
2026-06-28 23:06:23 [restartedMain] INFO  o.s.c.n.eureka.InstanceInfoFactory - Setting initial instance status as: STARTING
2026-06-28 23:06:23 [restartedMain] INFO  c.netflix.discovery.DiscoveryClient - Initializing Eureka in region us-east-1
2026-06-28 23:06:23 [restartedMain] INFO  c.n.d.s.r.aws.ConfigClusterResolver - Resolving eureka endpoints via configuration
2026-06-28 23:06:23 [restartedMain] INFO  c.netflix.discovery.DiscoveryClient - Disable delta property : false
2026-06-28 23:06:23 [restartedMain] INFO  c.netflix.discovery.DiscoveryClient - Single vip registry refresh property : null
2026-06-28 23:06:23 [restartedMain] INFO  c.netflix.discovery.DiscoveryClient - Force full registry fetch : false
2026-06-28 23:06:23 [restartedMain] INFO  c.netflix.discovery.DiscoveryClient - Application is null : false
2026-06-28 23:06:23 [restartedMain] INFO  c.netflix.discovery.DiscoveryClient - Registered Applications size is zero : true
2026-06-28 23:06:23 [restartedMain] INFO  c.netflix.discovery.DiscoveryClient - Application version is -1: true
2026-06-28 23:06:23 [restartedMain] INFO  c.netflix.discovery.DiscoveryClient - Getting all instance registry info from the eureka server
2026-06-28 23:06:23 [restartedMain] INFO  c.netflix.discovery.DiscoveryClient - The response status is 200
2026-06-28 23:06:23 [restartedMain] INFO  c.netflix.discovery.DiscoveryClient - Starting heartbeat executor: renew interval is: 30
2026-06-28 23:06:23 [restartedMain] INFO  c.n.discovery.InstanceInfoReplicator - InstanceInfoReplicator onDemand update allowed rate per min is 4
2026-06-28 23:06:23 [restartedMain] INFO  c.netflix.discovery.DiscoveryClient - Discovery Client initialized at timestamp 1782702383510 with initial instances count: 3
2026-06-28 23:06:23 [restartedMain] INFO  o.s.c.n.e.s.EurekaServiceRegistry - Registering application USER-SERVICE with eureka with status UP
2026-06-28 23:06:23 [restartedMain] INFO  c.netflix.discovery.DiscoveryClient - Saw local status change event StatusChangeEvent [timestamp=1782702383514, current=UP, previous=STARTING]
2026-06-28 23:06:23 [DiscoveryClient-InstanceInfoReplicator-%d] INFO  c.netflix.discovery.DiscoveryClient - DiscoveryClient_USER-SERVICE/DESKTOP-1UVIFSR:USER-SERVICE:8080: registering service...
2026-06-28 23:06:23 [restartedMain] INFO  o.a.coyote.http11.Http11NioProtocol - Starting ProtocolHandler ["http-nio-8080"]
2026-06-28 23:06:23 [restartedMain] INFO  o.s.boot.tomcat.TomcatWebServer - Tomcat started on port 8080 (http) with context path '/'
2026-06-28 23:06:23 [restartedMain] INFO  o.s.c.n.e.s.EurekaAutoServiceRegistration - Updating port to 8080
2026-06-28 23:06:23 [restartedMain] INFO  c.d.c.U.UserServiceApplication - Started UserServiceApplication in 6.529 seconds (process running for 7.477)
2026-06-28 23:06:23 [DiscoveryClient-InstanceInfoReplicator-%d] INFO  c.netflix.discovery.DiscoveryClient - DiscoveryClient_USER-SERVICE/DESKTOP-1UVIFSR:USER-SERVICE:8080 - registration status: 204
2026-06-28 23:06:23 [restartedMain] WARN  o.s.c.events.SpringDocAppInitializer - SpringDoc /v3/api-docs endpoint is enabled by default. To disable it in production, set the property 'springdoc.api-docs.enabled=false'
2026-06-28 23:06:23 [restartedMain] WARN  o.s.c.events.SpringDocAppInitializer - SpringDoc /swagger-ui.html endpoint is enabled by default. To disable it in production, set the property 'springdoc.swagger-ui.enabled=false'
2026-06-28 23:06:25 [RMI TCP Connection(2)-127.0.0.1] INFO  o.a.c.c.C.[Tomcat].[localhost].[/] - Initializing Spring DispatcherServlet 'dispatcherServlet'
2026-06-28 23:06:25 [RMI TCP Connection(2)-127.0.0.1] INFO  o.s.web.servlet.DispatcherServlet - Initializing Servlet 'dispatcherServlet'
2026-06-28 23:06:25 [RMI TCP Connection(2)-127.0.0.1] INFO  o.s.web.servlet.DispatcherServlet - Completed initialization in 1 ms
2026-06-28 23:06:40 [background-preinit] INFO  o.h.validator.internal.util.Version - HV000001: Hibernate Validator 9.0.1.Final
2026-06-28 23:06:40 [restartedMain] INFO  c.d.c.A.AlertServiceApplication - Starting AlertServiceApplication using Java 21.0.11 with PID 3004 (C:\Users\Safagod\Downloads\Cash_In 2.0.1\Alert_Service\target\classes started by Safagod in C:\Users\Safagod\Downloads\Cash_In 2.0.1)
2026-06-28 23:06:40 [restartedMain] INFO  c.d.c.A.AlertServiceApplication - The following 1 profile is active: "dev"
2026-06-28 23:06:40 [restartedMain] INFO  o.s.b.d.e.DevToolsPropertyDefaultsPostProcessor - Devtools property defaults active! Set 'spring.devtools.add-properties' to 'false' to disable
2026-06-28 23:06:40 [restartedMain] INFO  o.s.b.d.e.DevToolsPropertyDefaultsPostProcessor - For additional web related logging consider setting the 'logging.level.web' property to 'DEBUG'
2026-06-28 23:06:41 [restartedMain] INFO  o.s.d.r.c.RepositoryConfigurationDelegate - Bootstrapping Spring Data JPA repositories in DEFAULT mode.
2026-06-28 23:06:41 [restartedMain] INFO  o.s.d.r.c.RepositoryConfigurationDelegate - Finished Spring Data repository scanning in 116 ms. Found 1 JPA repository interface.
2026-06-28 23:06:42 [restartedMain] INFO  o.s.cloud.context.scope.GenericScope - BeanFactory id=e3f0cb3a-5824-3424-8716-bfa1d740b31c
2026-06-28 23:06:42 [restartedMain] INFO  o.s.boot.tomcat.TomcatWebServer - Tomcat initialized with port 8087 (http)
2026-06-28 23:06:42 [restartedMain] INFO  o.a.coyote.http11.Http11NioProtocol - Initializing ProtocolHandler ["http-nio-8087"]
2026-06-28 23:06:42 [restartedMain] INFO  o.a.catalina.core.StandardService - Starting service [Tomcat]
2026-06-28 23:06:42 [restartedMain] INFO  o.a.catalina.core.StandardEngine - Starting Servlet engine: [Apache Tomcat/11.0.21]
2026-06-28 23:06:42 [restartedMain] INFO  o.s.b.w.c.s.WebApplicationContextInitializer - Root WebApplicationContext: initialization completed in 2425 ms
2026-06-28 23:06:43 [restartedMain] INFO  org.hibernate.orm.jpa - HHH008540: Processing PersistenceUnitInfo [name: default]
2026-06-28 23:06:43 [restartedMain] INFO  org.hibernate.orm.core - HHH000001: Hibernate ORM core version 7.2.12.Final
2026-06-28 23:06:43 [restartedMain] INFO  o.s.o.j.p.SpringPersistenceUnitInfo - No LoadTimeWeaver setup: ignoring JPA class transformer
2026-06-28 23:06:43 [restartedMain] INFO  com.zaxxer.hikari.HikariDataSource - HikariPool-1 - Starting...
2026-06-28 23:06:44 [restartedMain] INFO  com.zaxxer.hikari.pool.HikariPool - HikariPool-1 - Added connection com.mysql.cj.jdbc.ConnectionImpl@6fa7e748
2026-06-28 23:06:44 [restartedMain] INFO  com.zaxxer.hikari.HikariDataSource - HikariPool-1 - Start completed.
2026-06-28 23:06:44 [restartedMain] WARN  org.hibernate.orm.deprecation - HHH90000025: MySQLDialect does not need to be specified explicitly using 'hibernate.dialect' (remove the property setting and it will be selected by default)
2026-06-28 23:06:44 [restartedMain] INFO  o.hibernate.orm.connections.pooling - HHH10001005: Database info:
	Database JDBC URL [jdbc:mysql://localhost:3306/db_alerts]
	Database driver: MySQL Connector/J
	Database dialect: MySQLDialect
	Database version: 8.0.46
	Default catalog/schema: db_alerts/undefined
	Autocommit mode: undefined/unknown
	Isolation level: REPEATABLE_READ [default REPEATABLE_READ]
	JDBC fetch size: none
	Pool: DataSourceConnectionProvider
	Minimum pool size: undefined/unknown
	Maximum pool size: undefined/unknown
2026-06-28 23:06:45 [restartedMain] INFO  org.hibernate.orm.core - HHH000489: No JTA platform available (set 'hibernate.transaction.jta.platform' to enable JTA platform integration)
2026-06-28 23:06:45 [restartedMain] INFO  o.s.o.j.LocalContainerEntityManagerFactoryBean - Initialized JPA EntityManagerFactory for persistence unit 'default'
2026-06-28 23:06:45 [restartedMain] INFO  o.s.d.j.r.q.QueryEnhancerFactories - Hibernate is in classpath; If applicable, HQL parser will be used.
2026-06-28 23:06:46 [restartedMain] WARN  o.s.b.j.a.JpaBaseConfiguration$JpaWebConfiguration - spring.jpa.open-in-view is enabled by default. Therefore, database queries may be performed during view rendering. Explicitly configure spring.jpa.open-in-view to disable this warning
2026-06-28 23:06:46 [restartedMain] INFO  o.s.c.n.e.c.DiscoveryClientOptionalArgsConfiguration - Eureka HTTP Client uses RestClient.
2026-06-28 23:06:46 [restartedMain] WARN  o.s.c.l.c.LoadBalancerCacheAutoConfiguration$LoadBalancerCaffeineWarnLogger - Spring Cloud LoadBalancer is currently working with the default cache. While this cache implementation is useful for development and tests, it's recommended to use Caffeine cache in production.You can switch to using Caffeine cache, by adding it and org.springframework.cache.caffeine.CaffeineCacheManager to the classpath.
2026-06-28 23:06:46 [restartedMain] INFO  o.s.b.a.e.web.EndpointLinksResolver - Exposing 1 endpoint beneath base path '/actuator'
2026-06-28 23:06:47 [restartedMain] INFO  o.s.c.n.eureka.InstanceInfoFactory - Setting initial instance status as: STARTING
2026-06-28 23:06:47 [restartedMain] INFO  c.netflix.discovery.DiscoveryClient - Initializing Eureka in region us-east-1
2026-06-28 23:06:47 [restartedMain] INFO  c.n.d.s.r.aws.ConfigClusterResolver - Resolving eureka endpoints via configuration
2026-06-28 23:06:47 [restartedMain] INFO  c.netflix.discovery.DiscoveryClient - Disable delta property : false
2026-06-28 23:06:47 [restartedMain] INFO  c.netflix.discovery.DiscoveryClient - Single vip registry refresh property : null
2026-06-28 23:06:47 [restartedMain] INFO  c.netflix.discovery.DiscoveryClient - Force full registry fetch : false
2026-06-28 23:06:47 [restartedMain] INFO  c.netflix.discovery.DiscoveryClient - Application is null : false
2026-06-28 23:06:47 [restartedMain] INFO  c.netflix.discovery.DiscoveryClient - Registered Applications size is zero : true
2026-06-28 23:06:47 [restartedMain] INFO  c.netflix.discovery.DiscoveryClient - Application version is -1: true
2026-06-28 23:06:47 [restartedMain] INFO  c.netflix.discovery.DiscoveryClient - Getting all instance registry info from the eureka server
2026-06-28 23:06:47 [restartedMain] INFO  c.netflix.discovery.DiscoveryClient - The response status is 200
2026-06-28 23:06:47 [restartedMain] INFO  c.netflix.discovery.DiscoveryClient - Starting heartbeat executor: renew interval is: 30
2026-06-28 23:06:47 [restartedMain] INFO  c.n.discovery.InstanceInfoReplicator - InstanceInfoReplicator onDemand update allowed rate per min is 4
2026-06-28 23:06:47 [restartedMain] INFO  c.netflix.discovery.DiscoveryClient - Discovery Client initialized at timestamp 1782702407466 with initial instances count: 5
2026-06-28 23:06:47 [restartedMain] INFO  o.s.c.n.e.s.EurekaServiceRegistry - Registering application ALERT-SERVICE with eureka with status UP
2026-06-28 23:06:47 [restartedMain] INFO  c.netflix.discovery.DiscoveryClient - Saw local status change event StatusChangeEvent [timestamp=1782702407471, current=UP, previous=STARTING]
2026-06-28 23:06:47 [restartedMain] INFO  o.a.coyote.http11.Http11NioProtocol - Starting ProtocolHandler ["http-nio-8087"]
2026-06-28 23:06:47 [DiscoveryClient-InstanceInfoReplicator-%d] INFO  c.netflix.discovery.DiscoveryClient - DiscoveryClient_ALERT-SERVICE/DESKTOP-1UVIFSR:ALERT-SERVICE:8087: registering service...
2026-06-28 23:06:47 [restartedMain] INFO  o.s.boot.tomcat.TomcatWebServer - Tomcat started on port 8087 (http) with context path '/'
2026-06-28 23:06:47 [restartedMain] INFO  o.s.c.n.e.s.EurekaAutoServiceRegistration - Updating port to 8087
2026-06-28 23:06:47 [restartedMain] INFO  c.d.c.A.AlertServiceApplication - Started AlertServiceApplication in 7.694 seconds (process running for 8.589)
2026-06-28 23:06:47 [DiscoveryClient-InstanceInfoReplicator-%d] INFO  c.netflix.discovery.DiscoveryClient - DiscoveryClient_ALERT-SERVICE/DESKTOP-1UVIFSR:ALERT-SERVICE:8087 - registration status: 204
2026-06-28 23:06:47 [restartedMain] WARN  o.s.c.events.SpringDocAppInitializer - SpringDoc /v3/api-docs endpoint is enabled by default. To disable it in production, set the property 'springdoc.api-docs.enabled=false'
2026-06-28 23:06:47 [restartedMain] WARN  o.s.c.events.SpringDocAppInitializer - SpringDoc /swagger-ui.html endpoint is enabled by default. To disable it in production, set the property 'springdoc.swagger-ui.enabled=false'
2026-06-28 23:06:48 [RMI TCP Connection(2)-127.0.0.1] INFO  o.a.c.c.C.[Tomcat].[localhost].[/] - Initializing Spring DispatcherServlet 'dispatcherServlet'
2026-06-28 23:06:48 [RMI TCP Connection(2)-127.0.0.1] INFO  o.s.web.servlet.DispatcherServlet - Initializing Servlet 'dispatcherServlet'
2026-06-28 23:06:48 [RMI TCP Connection(2)-127.0.0.1] INFO  o.s.web.servlet.DispatcherServlet - Completed initialization in 1 ms
2026-06-28 23:07:02 [background-preinit] INFO  o.h.validator.internal.util.Version - HV000001: Hibernate Validator 9.0.1.Final
2026-06-28 23:07:02 [restartedMain] INFO  c.d.c.A.AnalyticsServiceApplication - Starting AnalyticsServiceApplication using Java 21.0.11 with PID 12352 (C:\Users\Safagod\Downloads\Cash_In 2.0.1\Analytics_Service\target\classes started by Safagod in C:\Users\Safagod\Downloads\Cash_In 2.0.1)
2026-06-28 23:07:02 [restartedMain] INFO  c.d.c.A.AnalyticsServiceApplication - The following 1 profile is active: "dev"
2026-06-28 23:07:02 [restartedMain] INFO  o.s.b.d.e.DevToolsPropertyDefaultsPostProcessor - Devtools property defaults active! Set 'spring.devtools.add-properties' to 'false' to disable
2026-06-28 23:07:02 [restartedMain] INFO  o.s.b.d.e.DevToolsPropertyDefaultsPostProcessor - For additional web related logging consider setting the 'logging.level.web' property to 'DEBUG'
2026-06-28 23:07:03 [restartedMain] INFO  o.s.d.r.c.RepositoryConfigurationDelegate - Bootstrapping Spring Data JPA repositories in DEFAULT mode.
2026-06-28 23:07:03 [restartedMain] INFO  o.s.d.r.c.RepositoryConfigurationDelegate - Finished Spring Data repository scanning in 115 ms. Found 1 JPA repository interface.
2026-06-28 23:07:04 [restartedMain] INFO  o.s.cloud.context.scope.GenericScope - BeanFactory id=4021b406-b068-3305-be9e-e178172967b7
2026-06-28 23:07:04 [restartedMain] INFO  o.s.boot.tomcat.TomcatWebServer - Tomcat initialized with port 8086 (http)
2026-06-28 23:07:04 [restartedMain] INFO  o.a.coyote.http11.Http11NioProtocol - Initializing ProtocolHandler ["http-nio-8086"]
2026-06-28 23:07:04 [restartedMain] INFO  o.a.catalina.core.StandardService - Starting service [Tomcat]
2026-06-28 23:07:04 [restartedMain] INFO  o.a.catalina.core.StandardEngine - Starting Servlet engine: [Apache Tomcat/11.0.21]
2026-06-28 23:07:04 [restartedMain] INFO  o.s.b.w.c.s.WebApplicationContextInitializer - Root WebApplicationContext: initialization completed in 2310 ms
2026-06-28 23:07:05 [restartedMain] INFO  org.hibernate.orm.jpa - HHH008540: Processing PersistenceUnitInfo [name: default]
2026-06-28 23:07:05 [restartedMain] INFO  org.hibernate.orm.core - HHH000001: Hibernate ORM core version 7.2.12.Final
2026-06-28 23:07:05 [restartedMain] INFO  o.s.o.j.p.SpringPersistenceUnitInfo - No LoadTimeWeaver setup: ignoring JPA class transformer
2026-06-28 23:07:05 [restartedMain] INFO  com.zaxxer.hikari.HikariDataSource - HikariPool-1 - Starting...
2026-06-28 23:07:05 [restartedMain] INFO  com.zaxxer.hikari.pool.HikariPool - HikariPool-1 - Added connection com.mysql.cj.jdbc.ConnectionImpl@6f8e0393
2026-06-28 23:07:05 [restartedMain] INFO  com.zaxxer.hikari.HikariDataSource - HikariPool-1 - Start completed.
2026-06-28 23:07:06 [restartedMain] WARN  org.hibernate.orm.deprecation - HHH90000025: MySQLDialect does not need to be specified explicitly using 'hibernate.dialect' (remove the property setting and it will be selected by default)
2026-06-28 23:07:06 [restartedMain] INFO  o.hibernate.orm.connections.pooling - HHH10001005: Database info:
	Database JDBC URL [jdbc:mysql://localhost:3306/db_analytics]
	Database driver: MySQL Connector/J
	Database dialect: MySQLDialect
	Database version: 8.0.46
	Default catalog/schema: db_analytics/undefined
	Autocommit mode: undefined/unknown
	Isolation level: REPEATABLE_READ [default REPEATABLE_READ]
	JDBC fetch size: none
	Pool: DataSourceConnectionProvider
	Minimum pool size: undefined/unknown
	Maximum pool size: undefined/unknown
2026-06-28 23:07:06 [restartedMain] INFO  org.hibernate.orm.core - HHH000489: No JTA platform available (set 'hibernate.transaction.jta.platform' to enable JTA platform integration)
2026-06-28 23:07:06 [restartedMain] INFO  o.s.o.j.LocalContainerEntityManagerFactoryBean - Initialized JPA EntityManagerFactory for persistence unit 'default'
2026-06-28 23:07:07 [restartedMain] INFO  o.s.d.j.r.q.QueryEnhancerFactories - Hibernate is in classpath; If applicable, HQL parser will be used.
2026-06-28 23:07:07 [restartedMain] WARN  o.s.b.j.a.JpaBaseConfiguration$JpaWebConfiguration - spring.jpa.open-in-view is enabled by default. Therefore, database queries may be performed during view rendering. Explicitly configure spring.jpa.open-in-view to disable this warning
2026-06-28 23:07:08 [restartedMain] INFO  o.s.c.n.e.c.DiscoveryClientOptionalArgsConfiguration - Eureka HTTP Client uses RestClient.
2026-06-28 23:07:08 [restartedMain] WARN  o.s.c.l.c.LoadBalancerCacheAutoConfiguration$LoadBalancerCaffeineWarnLogger - Spring Cloud LoadBalancer is currently working with the default cache. While this cache implementation is useful for development and tests, it's recommended to use Caffeine cache in production.You can switch to using Caffeine cache, by adding it and org.springframework.cache.caffeine.CaffeineCacheManager to the classpath.
2026-06-28 23:07:08 [restartedMain] INFO  o.s.b.a.e.web.EndpointLinksResolver - Exposing 1 endpoint beneath base path '/actuator'
2026-06-28 23:07:08 [restartedMain] INFO  o.s.c.n.eureka.InstanceInfoFactory - Setting initial instance status as: STARTING
2026-06-28 23:07:08 [restartedMain] INFO  c.netflix.discovery.DiscoveryClient - Initializing Eureka in region us-east-1
2026-06-28 23:07:08 [restartedMain] INFO  c.n.d.s.r.aws.ConfigClusterResolver - Resolving eureka endpoints via configuration
2026-06-28 23:07:08 [restartedMain] INFO  c.netflix.discovery.DiscoveryClient - Disable delta property : false
2026-06-28 23:07:08 [restartedMain] INFO  c.netflix.discovery.DiscoveryClient - Single vip registry refresh property : null
2026-06-28 23:07:08 [restartedMain] INFO  c.netflix.discovery.DiscoveryClient - Force full registry fetch : false
2026-06-28 23:07:08 [restartedMain] INFO  c.netflix.discovery.DiscoveryClient - Application is null : false
2026-06-28 23:07:08 [restartedMain] INFO  c.netflix.discovery.DiscoveryClient - Registered Applications size is zero : true
2026-06-28 23:07:08 [restartedMain] INFO  c.netflix.discovery.DiscoveryClient - Application version is -1: true
2026-06-28 23:07:08 [restartedMain] INFO  c.netflix.discovery.DiscoveryClient - Getting all instance registry info from the eureka server
2026-06-28 23:07:09 [restartedMain] INFO  c.netflix.discovery.DiscoveryClient - The response status is 200
2026-06-28 23:07:09 [restartedMain] INFO  c.netflix.discovery.DiscoveryClient - Starting heartbeat executor: renew interval is: 30
2026-06-28 23:07:09 [restartedMain] INFO  c.n.discovery.InstanceInfoReplicator - InstanceInfoReplicator onDemand update allowed rate per min is 4
2026-06-28 23:07:09 [restartedMain] INFO  c.netflix.discovery.DiscoveryClient - Discovery Client initialized at timestamp 1782702429197 with initial instances count: 6
2026-06-28 23:07:09 [restartedMain] INFO  o.s.c.n.e.s.EurekaServiceRegistry - Registering application ANALYTICS-SERVICE with eureka with status UP
2026-06-28 23:07:09 [restartedMain] INFO  c.netflix.discovery.DiscoveryClient - Saw local status change event StatusChangeEvent [timestamp=1782702429203, current=UP, previous=STARTING]
2026-06-28 23:07:09 [restartedMain] INFO  o.a.coyote.http11.Http11NioProtocol - Starting ProtocolHandler ["http-nio-8086"]
2026-06-28 23:07:09 [DiscoveryClient-InstanceInfoReplicator-%d] INFO  c.netflix.discovery.DiscoveryClient - DiscoveryClient_ANALYTICS-SERVICE/DESKTOP-1UVIFSR:ANALYTICS-SERVICE:8086: registering service...
2026-06-28 23:07:09 [restartedMain] INFO  o.s.boot.tomcat.TomcatWebServer - Tomcat started on port 8086 (http) with context path '/'
2026-06-28 23:07:09 [restartedMain] INFO  o.s.c.n.e.s.EurekaAutoServiceRegistration - Updating port to 8086
2026-06-28 23:07:09 [restartedMain] INFO  c.d.c.A.AnalyticsServiceApplication - Started AnalyticsServiceApplication in 7.358 seconds (process running for 8.233)
2026-06-28 23:07:09 [DiscoveryClient-InstanceInfoReplicator-%d] INFO  c.netflix.discovery.DiscoveryClient - DiscoveryClient_ANALYTICS-SERVICE/DESKTOP-1UVIFSR:ANALYTICS-SERVICE:8086 - registration status: 204
2026-06-28 23:07:09 [restartedMain] WARN  o.s.c.events.SpringDocAppInitializer - SpringDoc /v3/api-docs endpoint is enabled by default. To disable it in production, set the property 'springdoc.api-docs.enabled=false'
2026-06-28 23:07:09 [restartedMain] WARN  o.s.c.events.SpringDocAppInitializer - SpringDoc /swagger-ui.html endpoint is enabled by default. To disable it in production, set the property 'springdoc.swagger-ui.enabled=false'
2026-06-28 23:07:10 [RMI TCP Connection(2)-127.0.0.1] INFO  o.a.c.c.C.[Tomcat].[localhost].[/] - Initializing Spring DispatcherServlet 'dispatcherServlet'
2026-06-28 23:07:10 [RMI TCP Connection(2)-127.0.0.1] INFO  o.s.web.servlet.DispatcherServlet - Initializing Servlet 'dispatcherServlet'
2026-06-28 23:07:10 [RMI TCP Connection(2)-127.0.0.1] INFO  o.s.web.servlet.DispatcherServlet - Completed initialization in 2 ms
2026-06-28 23:07:45 [background-preinit] INFO  o.h.validator.internal.util.Version - HV000001: Hibernate Validator 9.0.1.Final
2026-06-28 23:07:45 [restartedMain] INFO  c.d.c.C.CategoryServiceApplication - Starting CategoryServiceApplication using Java 21.0.11 with PID 27208 (C:\Users\Safagod\Downloads\Cash_In 2.0.1\Category_Service\target\classes started by Safagod in C:\Users\Safagod\Downloads\Cash_In 2.0.1)
2026-06-28 23:07:45 [restartedMain] INFO  c.d.c.C.CategoryServiceApplication - The following 1 profile is active: "dev"
2026-06-28 23:07:45 [restartedMain] INFO  o.s.b.d.e.DevToolsPropertyDefaultsPostProcessor - Devtools property defaults active! Set 'spring.devtools.add-properties' to 'false' to disable
2026-06-28 23:07:45 [restartedMain] INFO  o.s.b.d.e.DevToolsPropertyDefaultsPostProcessor - For additional web related logging consider setting the 'logging.level.web' property to 'DEBUG'
2026-06-28 23:07:46 [restartedMain] INFO  o.s.d.r.c.RepositoryConfigurationDelegate - Bootstrapping Spring Data JPA repositories in DEFAULT mode.
2026-06-28 23:07:46 [restartedMain] INFO  o.s.d.r.c.RepositoryConfigurationDelegate - Finished Spring Data repository scanning in 126 ms. Found 1 JPA repository interface.
2026-06-28 23:07:47 [restartedMain] INFO  o.s.cloud.context.scope.GenericScope - BeanFactory id=2c03dc43-102b-3522-89fa-4e6bbee2b50e
2026-06-28 23:07:47 [restartedMain] INFO  o.s.boot.tomcat.TomcatWebServer - Tomcat initialized with port 8085 (http)
2026-06-28 23:07:47 [restartedMain] INFO  o.a.coyote.http11.Http11NioProtocol - Initializing ProtocolHandler ["http-nio-8085"]
2026-06-28 23:07:47 [restartedMain] INFO  o.a.catalina.core.StandardService - Starting service [Tomcat]
2026-06-28 23:07:47 [restartedMain] INFO  o.a.catalina.core.StandardEngine - Starting Servlet engine: [Apache Tomcat/11.0.21]
2026-06-28 23:07:47 [restartedMain] INFO  o.s.b.w.c.s.WebApplicationContextInitializer - Root WebApplicationContext: initialization completed in 2258 ms
2026-06-28 23:07:48 [restartedMain] INFO  org.hibernate.orm.jpa - HHH008540: Processing PersistenceUnitInfo [name: default]
2026-06-28 23:07:48 [restartedMain] INFO  org.hibernate.orm.core - HHH000001: Hibernate ORM core version 7.2.12.Final
2026-06-28 23:07:48 [restartedMain] INFO  o.s.o.j.p.SpringPersistenceUnitInfo - No LoadTimeWeaver setup: ignoring JPA class transformer
2026-06-28 23:07:48 [restartedMain] INFO  com.zaxxer.hikari.HikariDataSource - HikariPool-1 - Starting...
2026-06-28 23:07:48 [restartedMain] INFO  com.zaxxer.hikari.pool.HikariPool - HikariPool-1 - Added connection com.mysql.cj.jdbc.ConnectionImpl@ce21e2
2026-06-28 23:07:48 [restartedMain] INFO  com.zaxxer.hikari.HikariDataSource - HikariPool-1 - Start completed.
2026-06-28 23:07:49 [restartedMain] WARN  org.hibernate.orm.deprecation - HHH90000025: MySQLDialect does not need to be specified explicitly using 'hibernate.dialect' (remove the property setting and it will be selected by default)
2026-06-28 23:07:49 [restartedMain] INFO  o.hibernate.orm.connections.pooling - HHH10001005: Database info:
	Database JDBC URL [jdbc:mysql://localhost:3306/db_categories]
	Database driver: MySQL Connector/J
	Database dialect: MySQLDialect
	Database version: 8.0.46
	Default catalog/schema: db_categories/undefined
	Autocommit mode: undefined/unknown
	Isolation level: REPEATABLE_READ [default REPEATABLE_READ]
	JDBC fetch size: none
	Pool: DataSourceConnectionProvider
	Minimum pool size: undefined/unknown
	Maximum pool size: undefined/unknown
2026-06-28 23:07:49 [restartedMain] INFO  org.hibernate.orm.core - HHH000489: No JTA platform available (set 'hibernate.transaction.jta.platform' to enable JTA platform integration)
2026-06-28 23:07:49 [restartedMain] INFO  o.s.o.j.LocalContainerEntityManagerFactoryBean - Initialized JPA EntityManagerFactory for persistence unit 'default'
2026-06-28 23:07:50 [restartedMain] INFO  o.s.d.j.r.q.QueryEnhancerFactories - Hibernate is in classpath; If applicable, HQL parser will be used.
2026-06-28 23:07:50 [restartedMain] WARN  o.s.b.j.a.JpaBaseConfiguration$JpaWebConfiguration - spring.jpa.open-in-view is enabled by default. Therefore, database queries may be performed during view rendering. Explicitly configure spring.jpa.open-in-view to disable this warning
2026-06-28 23:07:51 [restartedMain] INFO  o.s.c.n.e.c.DiscoveryClientOptionalArgsConfiguration - Eureka HTTP Client uses RestClient.
2026-06-28 23:07:51 [restartedMain] WARN  o.s.c.l.c.LoadBalancerCacheAutoConfiguration$LoadBalancerCaffeineWarnLogger - Spring Cloud LoadBalancer is currently working with the default cache. While this cache implementation is useful for development and tests, it's recommended to use Caffeine cache in production.You can switch to using Caffeine cache, by adding it and org.springframework.cache.caffeine.CaffeineCacheManager to the classpath.
2026-06-28 23:07:51 [restartedMain] INFO  o.s.b.a.e.web.EndpointLinksResolver - Exposing 1 endpoint beneath base path '/actuator'
2026-06-28 23:07:51 [restartedMain] INFO  o.s.c.n.eureka.InstanceInfoFactory - Setting initial instance status as: STARTING
2026-06-28 23:07:51 [restartedMain] INFO  c.netflix.discovery.DiscoveryClient - Initializing Eureka in region us-east-1
2026-06-28 23:07:51 [restartedMain] INFO  c.n.d.s.r.aws.ConfigClusterResolver - Resolving eureka endpoints via configuration
2026-06-28 23:07:51 [restartedMain] INFO  c.netflix.discovery.DiscoveryClient - Disable delta property : false
2026-06-28 23:07:51 [restartedMain] INFO  c.netflix.discovery.DiscoveryClient - Single vip registry refresh property : null
2026-06-28 23:07:51 [restartedMain] INFO  c.netflix.discovery.DiscoveryClient - Force full registry fetch : false
2026-06-28 23:07:51 [restartedMain] INFO  c.netflix.discovery.DiscoveryClient - Application is null : false
2026-06-28 23:07:51 [restartedMain] INFO  c.netflix.discovery.DiscoveryClient - Registered Applications size is zero : true
2026-06-28 23:07:51 [restartedMain] INFO  c.netflix.discovery.DiscoveryClient - Application version is -1: true
2026-06-28 23:07:51 [restartedMain] INFO  c.netflix.discovery.DiscoveryClient - Getting all instance registry info from the eureka server
2026-06-28 23:07:51 [restartedMain] INFO  c.netflix.discovery.DiscoveryClient - The response status is 200
2026-06-28 23:07:51 [restartedMain] INFO  c.netflix.discovery.DiscoveryClient - Starting heartbeat executor: renew interval is: 30
2026-06-28 23:07:51 [restartedMain] INFO  c.n.discovery.InstanceInfoReplicator - InstanceInfoReplicator onDemand update allowed rate per min is 4
2026-06-28 23:07:51 [restartedMain] INFO  c.netflix.discovery.DiscoveryClient - Discovery Client initialized at timestamp 1782702471740 with initial instances count: 7
2026-06-28 23:07:51 [restartedMain] INFO  o.s.c.n.e.s.EurekaServiceRegistry - Registering application CATEGORY-SERVICE with eureka with status UP
2026-06-28 23:07:51 [restartedMain] INFO  c.netflix.discovery.DiscoveryClient - Saw local status change event StatusChangeEvent [timestamp=1782702471745, current=UP, previous=STARTING]
2026-06-28 23:07:51 [DiscoveryClient-InstanceInfoReplicator-%d] INFO  c.netflix.discovery.DiscoveryClient - DiscoveryClient_CATEGORY-SERVICE/DESKTOP-1UVIFSR:CATEGORY-SERVICE:8085: registering service...
2026-06-28 23:07:51 [restartedMain] INFO  o.a.coyote.http11.Http11NioProtocol - Starting ProtocolHandler ["http-nio-8085"]
2026-06-28 23:07:51 [restartedMain] INFO  o.s.boot.tomcat.TomcatWebServer - Tomcat started on port 8085 (http) with context path '/'
2026-06-28 23:07:51 [restartedMain] INFO  o.s.c.n.e.s.EurekaAutoServiceRegistration - Updating port to 8085
2026-06-28 23:07:51 [restartedMain] INFO  c.d.c.C.CategoryServiceApplication - Started CategoryServiceApplication in 6.846 seconds (process running for 7.771)
2026-06-28 23:07:51 [DiscoveryClient-InstanceInfoReplicator-%d] INFO  c.netflix.discovery.DiscoveryClient - DiscoveryClient_CATEGORY-SERVICE/DESKTOP-1UVIFSR:CATEGORY-SERVICE:8085 - registration status: 204
2026-06-28 23:07:51 [restartedMain] WARN  o.s.c.events.SpringDocAppInitializer - SpringDoc /v3/api-docs endpoint is enabled by default. To disable it in production, set the property 'springdoc.api-docs.enabled=false'
2026-06-28 23:07:51 [restartedMain] WARN  o.s.c.events.SpringDocAppInitializer - SpringDoc /swagger-ui.html endpoint is enabled by default. To disable it in production, set the property 'springdoc.swagger-ui.enabled=false'
2026-06-28 23:07:53 [RMI TCP Connection(2)-127.0.0.1] INFO  o.a.c.c.C.[Tomcat].[localhost].[/] - Initializing Spring DispatcherServlet 'dispatcherServlet'
2026-06-28 23:07:53 [RMI TCP Connection(2)-127.0.0.1] INFO  o.s.web.servlet.DispatcherServlet - Initializing Servlet 'dispatcherServlet'
2026-06-28 23:07:53 [RMI TCP Connection(2)-127.0.0.1] INFO  o.s.web.servlet.DispatcherServlet - Completed initialization in 1 ms
2026-06-28 23:08:02 [background-preinit] INFO  o.h.validator.internal.util.Version - HV000001: Hibernate Validator 9.0.1.Final
2026-06-28 23:08:02 [restartedMain] INFO  c.d.c.E.ExpenseServiceApplication - Starting ExpenseServiceApplication using Java 21.0.11 with PID 27436 (C:\Users\Safagod\Downloads\Cash_In 2.0.1\Expense_Service\target\classes started by Safagod in C:\Users\Safagod\Downloads\Cash_In 2.0.1)
2026-06-28 23:08:02 [restartedMain] INFO  c.d.c.E.ExpenseServiceApplication - The following 1 profile is active: "dev"
2026-06-28 23:08:02 [restartedMain] INFO  o.s.b.d.e.DevToolsPropertyDefaultsPostProcessor - Devtools property defaults active! Set 'spring.devtools.add-properties' to 'false' to disable
2026-06-28 23:08:02 [restartedMain] INFO  o.s.b.d.e.DevToolsPropertyDefaultsPostProcessor - For additional web related logging consider setting the 'logging.level.web' property to 'DEBUG'
2026-06-28 23:08:04 [restartedMain] INFO  o.s.d.r.c.RepositoryConfigurationDelegate - Bootstrapping Spring Data JPA repositories in DEFAULT mode.
2026-06-28 23:08:04 [restartedMain] INFO  o.s.d.r.c.RepositoryConfigurationDelegate - Finished Spring Data repository scanning in 117 ms. Found 1 JPA repository interface.
2026-06-28 23:08:04 [restartedMain] INFO  o.s.cloud.context.scope.GenericScope - BeanFactory id=dbf75cce-e2ab-33c3-83c2-54fbbcd6d239
2026-06-28 23:08:05 [restartedMain] INFO  o.s.boot.tomcat.TomcatWebServer - Tomcat initialized with port 8082 (http)
2026-06-28 23:08:05 [restartedMain] INFO  o.a.coyote.http11.Http11NioProtocol - Initializing ProtocolHandler ["http-nio-8082"]
2026-06-28 23:08:05 [restartedMain] INFO  o.a.catalina.core.StandardService - Starting service [Tomcat]
2026-06-28 23:08:05 [restartedMain] INFO  o.a.catalina.core.StandardEngine - Starting Servlet engine: [Apache Tomcat/11.0.21]
2026-06-28 23:08:05 [restartedMain] INFO  o.s.b.w.c.s.WebApplicationContextInitializer - Root WebApplicationContext: initialization completed in 2317 ms
2026-06-28 23:08:05 [restartedMain] INFO  org.hibernate.orm.jpa - HHH008540: Processing PersistenceUnitInfo [name: default]
2026-06-28 23:08:05 [restartedMain] INFO  org.hibernate.orm.core - HHH000001: Hibernate ORM core version 7.2.12.Final
2026-06-28 23:08:06 [restartedMain] INFO  o.s.o.j.p.SpringPersistenceUnitInfo - No LoadTimeWeaver setup: ignoring JPA class transformer
2026-06-28 23:08:06 [restartedMain] INFO  com.zaxxer.hikari.HikariDataSource - HikariPool-1 - Starting...
2026-06-28 23:08:06 [restartedMain] INFO  com.zaxxer.hikari.pool.HikariPool - HikariPool-1 - Added connection com.mysql.cj.jdbc.ConnectionImpl@2e136c6e
2026-06-28 23:08:06 [restartedMain] INFO  com.zaxxer.hikari.HikariDataSource - HikariPool-1 - Start completed.
2026-06-28 23:08:06 [restartedMain] WARN  org.hibernate.orm.deprecation - HHH90000025: MySQLDialect does not need to be specified explicitly using 'hibernate.dialect' (remove the property setting and it will be selected by default)
2026-06-28 23:08:06 [restartedMain] INFO  o.hibernate.orm.connections.pooling - HHH10001005: Database info:
	Database JDBC URL [jdbc:mysql://localhost:3306/db_expenses]
	Database driver: MySQL Connector/J
	Database dialect: MySQLDialect
	Database version: 8.0.46
	Default catalog/schema: db_expenses/undefined
	Autocommit mode: undefined/unknown
	Isolation level: REPEATABLE_READ [default REPEATABLE_READ]
	JDBC fetch size: none
	Pool: DataSourceConnectionProvider
	Minimum pool size: undefined/unknown
	Maximum pool size: undefined/unknown
2026-06-28 23:08:07 [restartedMain] INFO  org.hibernate.orm.core - HHH000489: No JTA platform available (set 'hibernate.transaction.jta.platform' to enable JTA platform integration)
2026-06-28 23:08:07 [restartedMain] INFO  o.s.o.j.LocalContainerEntityManagerFactoryBean - Initialized JPA EntityManagerFactory for persistence unit 'default'
2026-06-28 23:08:07 [restartedMain] INFO  o.s.d.j.r.q.QueryEnhancerFactories - Hibernate is in classpath; If applicable, HQL parser will be used.
2026-06-28 23:08:08 [restartedMain] WARN  o.s.b.j.a.JpaBaseConfiguration$JpaWebConfiguration - spring.jpa.open-in-view is enabled by default. Therefore, database queries may be performed during view rendering. Explicitly configure spring.jpa.open-in-view to disable this warning
2026-06-28 23:08:09 [restartedMain] INFO  o.s.c.n.e.c.DiscoveryClientOptionalArgsConfiguration - Eureka HTTP Client uses RestClient.
2026-06-28 23:08:09 [restartedMain] WARN  o.s.c.l.c.LoadBalancerCacheAutoConfiguration$LoadBalancerCaffeineWarnLogger - Spring Cloud LoadBalancer is currently working with the default cache. While this cache implementation is useful for development and tests, it's recommended to use Caffeine cache in production.You can switch to using Caffeine cache, by adding it and org.springframework.cache.caffeine.CaffeineCacheManager to the classpath.
2026-06-28 23:08:09 [restartedMain] INFO  o.s.b.a.e.web.EndpointLinksResolver - Exposing 1 endpoint beneath base path '/actuator'
2026-06-28 23:08:09 [restartedMain] INFO  o.s.c.n.eureka.InstanceInfoFactory - Setting initial instance status as: STARTING
2026-06-28 23:08:09 [restartedMain] INFO  c.netflix.discovery.DiscoveryClient - Initializing Eureka in region us-east-1
2026-06-28 23:08:09 [restartedMain] INFO  c.n.d.s.r.aws.ConfigClusterResolver - Resolving eureka endpoints via configuration
2026-06-28 23:08:09 [restartedMain] INFO  c.netflix.discovery.DiscoveryClient - Disable delta property : false
2026-06-28 23:08:09 [restartedMain] INFO  c.netflix.discovery.DiscoveryClient - Single vip registry refresh property : null
2026-06-28 23:08:09 [restartedMain] INFO  c.netflix.discovery.DiscoveryClient - Force full registry fetch : false
2026-06-28 23:08:09 [restartedMain] INFO  c.netflix.discovery.DiscoveryClient - Application is null : false
2026-06-28 23:08:09 [restartedMain] INFO  c.netflix.discovery.DiscoveryClient - Registered Applications size is zero : true
2026-06-28 23:08:09 [restartedMain] INFO  c.netflix.discovery.DiscoveryClient - Application version is -1: true
2026-06-28 23:08:09 [restartedMain] INFO  c.netflix.discovery.DiscoveryClient - Getting all instance registry info from the eureka server
2026-06-28 23:08:09 [restartedMain] INFO  c.netflix.discovery.DiscoveryClient - The response status is 200
2026-06-28 23:08:09 [restartedMain] INFO  c.netflix.discovery.DiscoveryClient - Starting heartbeat executor: renew interval is: 30
2026-06-28 23:08:09 [restartedMain] INFO  c.n.discovery.InstanceInfoReplicator - InstanceInfoReplicator onDemand update allowed rate per min is 4
2026-06-28 23:08:09 [restartedMain] INFO  c.netflix.discovery.DiscoveryClient - Discovery Client initialized at timestamp 1782702489839 with initial instances count: 8
2026-06-28 23:08:09 [restartedMain] INFO  o.s.c.n.e.s.EurekaServiceRegistry - Registering application EXPENSE-SERVICE with eureka with status UP
2026-06-28 23:08:09 [restartedMain] INFO  c.netflix.discovery.DiscoveryClient - Saw local status change event StatusChangeEvent [timestamp=1782702489843, current=UP, previous=STARTING]
2026-06-28 23:08:09 [DiscoveryClient-InstanceInfoReplicator-%d] INFO  c.netflix.discovery.DiscoveryClient - DiscoveryClient_EXPENSE-SERVICE/DESKTOP-1UVIFSR:EXPENSE-SERVICE:8082: registering service...
2026-06-28 23:08:09 [restartedMain] INFO  o.a.coyote.http11.Http11NioProtocol - Starting ProtocolHandler ["http-nio-8082"]
2026-06-28 23:08:09 [restartedMain] INFO  o.s.boot.tomcat.TomcatWebServer - Tomcat started on port 8082 (http) with context path '/'
2026-06-28 23:08:09 [restartedMain] INFO  o.s.c.n.e.s.EurekaAutoServiceRegistration - Updating port to 8082
2026-06-28 23:08:09 [restartedMain] INFO  c.d.c.E.ExpenseServiceApplication - Started ExpenseServiceApplication in 7.486 seconds (process running for 8.398)
2026-06-28 23:08:09 [DiscoveryClient-InstanceInfoReplicator-%d] INFO  c.netflix.discovery.DiscoveryClient - DiscoveryClient_EXPENSE-SERVICE/DESKTOP-1UVIFSR:EXPENSE-SERVICE:8082 - registration status: 204
2026-06-28 23:08:09 [restartedMain] WARN  o.s.c.events.SpringDocAppInitializer - SpringDoc /v3/api-docs endpoint is enabled by default. To disable it in production, set the property 'springdoc.api-docs.enabled=false'
2026-06-28 23:08:09 [restartedMain] WARN  o.s.c.events.SpringDocAppInitializer - SpringDoc /swagger-ui.html endpoint is enabled by default. To disable it in production, set the property 'springdoc.swagger-ui.enabled=false'
2026-06-28 23:08:11 [RMI TCP Connection(2)-127.0.0.1] INFO  o.a.c.c.C.[Tomcat].[localhost].[/] - Initializing Spring DispatcherServlet 'dispatcherServlet'
2026-06-28 23:08:11 [RMI TCP Connection(2)-127.0.0.1] INFO  o.s.web.servlet.DispatcherServlet - Initializing Servlet 'dispatcherServlet'
2026-06-28 23:08:11 [RMI TCP Connection(2)-127.0.0.1] INFO  o.s.web.servlet.DispatcherServlet - Completed initialization in 2 ms
2026-06-28 23:08:25 [background-preinit] INFO  o.h.validator.internal.util.Version - HV000001: Hibernate Validator 9.0.1.Final
2026-06-28 23:08:25 [restartedMain] INFO  c.d.c.I.IncomeServiceApplication - Starting IncomeServiceApplication using Java 21.0.11 with PID 5068 (C:\Users\Safagod\Downloads\Cash_In 2.0.1\Income_Service\target\classes started by Safagod in C:\Users\Safagod\Downloads\Cash_In 2.0.1)
2026-06-28 23:08:25 [restartedMain] INFO  c.d.c.I.IncomeServiceApplication - The following 1 profile is active: "dev"
2026-06-28 23:08:25 [restartedMain] INFO  o.s.b.d.e.DevToolsPropertyDefaultsPostProcessor - Devtools property defaults active! Set 'spring.devtools.add-properties' to 'false' to disable
2026-06-28 23:08:25 [restartedMain] INFO  o.s.b.d.e.DevToolsPropertyDefaultsPostProcessor - For additional web related logging consider setting the 'logging.level.web' property to 'DEBUG'
2026-06-28 23:08:26 [restartedMain] INFO  o.s.d.r.c.RepositoryConfigurationDelegate - Bootstrapping Spring Data JPA repositories in DEFAULT mode.
2026-06-28 23:08:26 [restartedMain] INFO  o.s.d.r.c.RepositoryConfigurationDelegate - Finished Spring Data repository scanning in 158 ms. Found 1 JPA repository interface.
2026-06-28 23:08:27 [restartedMain] INFO  o.s.cloud.context.scope.GenericScope - BeanFactory id=fef50224-d3b3-3b5e-ae2c-399e9cbe196f
2026-06-28 23:08:27 [restartedMain] INFO  o.s.boot.tomcat.TomcatWebServer - Tomcat initialized with port 8083 (http)
2026-06-28 23:08:27 [restartedMain] INFO  o.a.coyote.http11.Http11NioProtocol - Initializing ProtocolHandler ["http-nio-8083"]
2026-06-28 23:08:27 [restartedMain] INFO  o.a.catalina.core.StandardService - Starting service [Tomcat]
2026-06-28 23:08:27 [restartedMain] INFO  o.a.catalina.core.StandardEngine - Starting Servlet engine: [Apache Tomcat/11.0.21]
2026-06-28 23:08:28 [restartedMain] INFO  o.s.b.w.c.s.WebApplicationContextInitializer - Root WebApplicationContext: initialization completed in 2547 ms
2026-06-28 23:08:28 [restartedMain] INFO  org.hibernate.orm.jpa - HHH008540: Processing PersistenceUnitInfo [name: default]
2026-06-28 23:08:28 [restartedMain] INFO  org.hibernate.orm.core - HHH000001: Hibernate ORM core version 7.2.12.Final
2026-06-28 23:08:28 [restartedMain] INFO  o.s.o.j.p.SpringPersistenceUnitInfo - No LoadTimeWeaver setup: ignoring JPA class transformer
2026-06-28 23:08:28 [restartedMain] INFO  com.zaxxer.hikari.HikariDataSource - HikariPool-1 - Starting...
2026-06-28 23:08:29 [restartedMain] INFO  com.zaxxer.hikari.pool.HikariPool - HikariPool-1 - Added connection com.mysql.cj.jdbc.ConnectionImpl@596a80ff
2026-06-28 23:08:29 [restartedMain] INFO  com.zaxxer.hikari.HikariDataSource - HikariPool-1 - Start completed.
2026-06-28 23:08:29 [restartedMain] WARN  org.hibernate.orm.deprecation - HHH90000025: MySQLDialect does not need to be specified explicitly using 'hibernate.dialect' (remove the property setting and it will be selected by default)
2026-06-28 23:08:29 [restartedMain] INFO  o.hibernate.orm.connections.pooling - HHH10001005: Database info:
	Database JDBC URL [jdbc:mysql://localhost:3306/db_incomes]
	Database driver: MySQL Connector/J
	Database dialect: MySQLDialect
	Database version: 8.0.46
	Default catalog/schema: db_incomes/undefined
	Autocommit mode: undefined/unknown
	Isolation level: REPEATABLE_READ [default REPEATABLE_READ]
	JDBC fetch size: none
	Pool: DataSourceConnectionProvider
	Minimum pool size: undefined/unknown
	Maximum pool size: undefined/unknown
2026-06-28 23:08:30 [restartedMain] INFO  org.hibernate.orm.core - HHH000489: No JTA platform available (set 'hibernate.transaction.jta.platform' to enable JTA platform integration)
2026-06-28 23:08:30 [restartedMain] INFO  o.s.o.j.LocalContainerEntityManagerFactoryBean - Initialized JPA EntityManagerFactory for persistence unit 'default'
2026-06-28 23:08:30 [restartedMain] INFO  o.s.d.j.r.q.QueryEnhancerFactories - Hibernate is in classpath; If applicable, HQL parser will be used.
2026-06-28 23:08:31 [restartedMain] WARN  o.s.b.j.a.JpaBaseConfiguration$JpaWebConfiguration - spring.jpa.open-in-view is enabled by default. Therefore, database queries may be performed during view rendering. Explicitly configure spring.jpa.open-in-view to disable this warning
2026-06-28 23:08:32 [restartedMain] INFO  o.s.c.n.e.c.DiscoveryClientOptionalArgsConfiguration - Eureka HTTP Client uses RestClient.
2026-06-28 23:08:32 [restartedMain] WARN  o.s.c.l.c.LoadBalancerCacheAutoConfiguration$LoadBalancerCaffeineWarnLogger - Spring Cloud LoadBalancer is currently working with the default cache. While this cache implementation is useful for development and tests, it's recommended to use Caffeine cache in production.You can switch to using Caffeine cache, by adding it and org.springframework.cache.caffeine.CaffeineCacheManager to the classpath.
2026-06-28 23:08:32 [restartedMain] INFO  o.s.b.a.e.web.EndpointLinksResolver - Exposing 1 endpoint beneath base path '/actuator'
2026-06-28 23:08:32 [restartedMain] INFO  o.s.c.n.eureka.InstanceInfoFactory - Setting initial instance status as: STARTING
2026-06-28 23:08:32 [restartedMain] INFO  c.netflix.discovery.DiscoveryClient - Initializing Eureka in region us-east-1
2026-06-28 23:08:32 [restartedMain] INFO  c.n.d.s.r.aws.ConfigClusterResolver - Resolving eureka endpoints via configuration
2026-06-28 23:08:32 [restartedMain] INFO  c.netflix.discovery.DiscoveryClient - Disable delta property : false
2026-06-28 23:08:32 [restartedMain] INFO  c.netflix.discovery.DiscoveryClient - Single vip registry refresh property : null
2026-06-28 23:08:32 [restartedMain] INFO  c.netflix.discovery.DiscoveryClient - Force full registry fetch : false
2026-06-28 23:08:32 [restartedMain] INFO  c.netflix.discovery.DiscoveryClient - Application is null : false
2026-06-28 23:08:32 [restartedMain] INFO  c.netflix.discovery.DiscoveryClient - Registered Applications size is zero : true
2026-06-28 23:08:32 [restartedMain] INFO  c.netflix.discovery.DiscoveryClient - Application version is -1: true
2026-06-28 23:08:32 [restartedMain] INFO  c.netflix.discovery.DiscoveryClient - Getting all instance registry info from the eureka server
2026-06-28 23:08:32 [restartedMain] INFO  c.netflix.discovery.DiscoveryClient - The response status is 200
2026-06-28 23:08:32 [restartedMain] INFO  c.netflix.discovery.DiscoveryClient - Starting heartbeat executor: renew interval is: 30
2026-06-28 23:08:32 [restartedMain] INFO  c.n.discovery.InstanceInfoReplicator - InstanceInfoReplicator onDemand update allowed rate per min is 4
2026-06-28 23:08:32 [restartedMain] INFO  c.netflix.discovery.DiscoveryClient - Discovery Client initialized at timestamp 1782702512615 with initial instances count: 9
2026-06-28 23:08:32 [restartedMain] INFO  o.s.c.n.e.s.EurekaServiceRegistry - Registering application INCOME-SERVICE with eureka with status UP
2026-06-28 23:08:32 [restartedMain] INFO  c.netflix.discovery.DiscoveryClient - Saw local status change event StatusChangeEvent [timestamp=1782702512623, current=UP, previous=STARTING]
2026-06-28 23:08:32 [DiscoveryClient-InstanceInfoReplicator-%d] INFO  c.netflix.discovery.DiscoveryClient - DiscoveryClient_INCOME-SERVICE/DESKTOP-1UVIFSR:INCOME-SERVICE:8083: registering service...
2026-06-28 23:08:32 [restartedMain] INFO  o.a.coyote.http11.Http11NioProtocol - Starting ProtocolHandler ["http-nio-8083"]
2026-06-28 23:08:32 [restartedMain] INFO  o.s.boot.tomcat.TomcatWebServer - Tomcat started on port 8083 (http) with context path '/'
2026-06-28 23:08:32 [restartedMain] INFO  o.s.c.n.e.s.EurekaAutoServiceRegistration - Updating port to 8083
2026-06-28 23:08:32 [DiscoveryClient-InstanceInfoReplicator-%d] INFO  c.netflix.discovery.DiscoveryClient - DiscoveryClient_INCOME-SERVICE/DESKTOP-1UVIFSR:INCOME-SERVICE:8083 - registration status: 204
2026-06-28 23:08:32 [restartedMain] INFO  c.d.c.I.IncomeServiceApplication - Started IncomeServiceApplication in 7.744 seconds (process running for 8.737)
2026-06-28 23:08:32 [restartedMain] WARN  o.s.c.events.SpringDocAppInitializer - SpringDoc /v3/api-docs endpoint is enabled by default. To disable it in production, set the property 'springdoc.api-docs.enabled=false'
2026-06-28 23:08:32 [restartedMain] WARN  o.s.c.events.SpringDocAppInitializer - SpringDoc /swagger-ui.html endpoint is enabled by default. To disable it in production, set the property 'springdoc.swagger-ui.enabled=false'
2026-06-28 23:08:33 [RMI TCP Connection(3)-127.0.0.1] INFO  o.a.c.c.C.[Tomcat].[localhost].[/] - Initializing Spring DispatcherServlet 'dispatcherServlet'
2026-06-28 23:08:33 [RMI TCP Connection(3)-127.0.0.1] INFO  o.s.web.servlet.DispatcherServlet - Initializing Servlet 'dispatcherServlet'
2026-06-28 23:08:33 [RMI TCP Connection(3)-127.0.0.1] INFO  o.s.web.servlet.DispatcherServlet - Completed initialization in 1 ms
2026-06-28 23:09:13 [AsyncResolver-bootstrap-executor-%d] INFO  c.n.d.s.r.aws.ConfigClusterResolver - Resolving eureka endpoints via configuration
2026-06-28 23:09:32 [AsyncResolver-bootstrap-executor-%d] INFO  c.n.d.s.r.aws.ConfigClusterResolver - Resolving eureka endpoints via configuration
2026-06-28 23:10:57 [AsyncResolver-bootstrap-executor-%d] INFO  c.n.d.s.r.aws.ConfigClusterResolver - Resolving eureka endpoints via configuration
2026-06-28 23:11:10 [AsyncResolver-bootstrap-executor-%d] INFO  c.n.d.s.r.aws.ConfigClusterResolver - Resolving eureka endpoints via configuration
2026-06-28 23:11:23 [AsyncResolver-bootstrap-executor-%d] INFO  c.n.d.s.r.aws.ConfigClusterResolver - Resolving eureka endpoints via configuration
2026-06-28 23:11:42 [http-nio-8080-exec-9] INFO  o.s.api.AbstractOpenApiResource - Init duration for springdoc-openapi is: 468 ms
2026-06-28 23:11:47 [AsyncResolver-bootstrap-executor-%d] INFO  c.n.d.s.r.aws.ConfigClusterResolver - Resolving eureka endpoints via configuration
2026-06-28 23:11:55 [http-nio-8081-exec-9] INFO  o.s.api.AbstractOpenApiResource - Init duration for springdoc-openapi is: 270 ms
2026-06-28 23:12:00 [http-nio-8082-exec-9] INFO  o.s.api.AbstractOpenApiResource - Init duration for springdoc-openapi is: 392 ms
2026-06-28 23:12:05 [http-nio-8083-exec-10] INFO  o.s.api.AbstractOpenApiResource - Init duration for springdoc-openapi is: 397 ms
2026-06-28 23:12:08 [AsyncResolver-bootstrap-executor-%d] INFO  c.n.d.s.r.aws.ConfigClusterResolver - Resolving eureka endpoints via configuration
2026-06-28 23:12:10 [http-nio-8084-exec-9] INFO  o.s.api.AbstractOpenApiResource - Init duration for springdoc-openapi is: 674 ms
2026-06-28 23:12:51 [AsyncResolver-bootstrap-executor-%d] INFO  c.n.d.s.r.aws.ConfigClusterResolver - Resolving eureka endpoints via configuration
2026-06-28 23:13:09 [AsyncResolver-bootstrap-executor-%d] INFO  c.n.d.s.r.aws.ConfigClusterResolver - Resolving eureka endpoints via configuration
2026-06-28 23:13:32 [AsyncResolver-bootstrap-executor-%d] INFO  c.n.d.s.r.aws.ConfigClusterResolver - Resolving eureka endpoints via configuration
2026-06-28 23:14:13 [AsyncResolver-bootstrap-executor-%d] INFO  c.n.d.s.r.aws.ConfigClusterResolver - Resolving eureka endpoints via configuration
2026-06-28 23:14:32 [AsyncResolver-bootstrap-executor-%d] INFO  c.n.d.s.r.aws.ConfigClusterResolver - Resolving eureka endpoints via configuration
2026-06-28 23:15:57 [AsyncResolver-bootstrap-executor-%d] INFO  c.n.d.s.r.aws.ConfigClusterResolver - Resolving eureka endpoints via configuration
2026-06-28 23:16:10 [AsyncResolver-bootstrap-executor-%d] INFO  c.n.d.s.r.aws.ConfigClusterResolver - Resolving eureka endpoints via configuration
2026-06-28 23:16:23 [AsyncResolver-bootstrap-executor-%d] INFO  c.n.d.s.r.aws.ConfigClusterResolver - Resolving eureka endpoints via configuration
2026-06-28 23:16:47 [AsyncResolver-bootstrap-executor-%d] INFO  c.n.d.s.r.aws.ConfigClusterResolver - Resolving eureka endpoints via configuration
2026-06-28 23:17:08 [AsyncResolver-bootstrap-executor-%d] INFO  c.n.d.s.r.aws.ConfigClusterResolver - Resolving eureka endpoints via configuration
2026-06-28 23:17:51 [AsyncResolver-bootstrap-executor-%d] INFO  c.n.d.s.r.aws.ConfigClusterResolver - Resolving eureka endpoints via configuration
2026-06-28 23:18:09 [AsyncResolver-bootstrap-executor-%d] INFO  c.n.d.s.r.aws.ConfigClusterResolver - Resolving eureka endpoints via configuration
2026-06-28 23:18:32 [AsyncResolver-bootstrap-executor-%d] INFO  c.n.d.s.r.aws.ConfigClusterResolver - Resolving eureka endpoints via configuration
2026-06-28 23:19:13 [AsyncResolver-bootstrap-executor-%d] INFO  c.n.d.s.r.aws.ConfigClusterResolver - Resolving eureka endpoints via configuration
2026-06-28 23:19:32 [AsyncResolver-bootstrap-executor-%d] INFO  c.n.d.s.r.aws.ConfigClusterResolver - Resolving eureka endpoints via configuration
2026-06-28 23:20:05 [http-nio-8080-exec-6] INFO  c.d.c.U.Service.UserService - Creando usuario con email: juan.perez@cashin.cl
2026-06-28 23:20:06 [http-nio-8080-exec-6] INFO  c.d.c.U.Service.UserService - Usuario creado con id: 5
2026-06-28 23:20:20 [http-nio-8081-exec-4] WARN  c.d.c.A.E.GlobalExceptionHandler - Conflicto de negocio: Required request body is missing: public org.springframework.http.ResponseEntity<cl.duoc.cashin.AuthService.dto.Response.AuthTokenResponse> cl.duoc.cashin.AuthService.Controller.AuthTokenController.login(cl.duoc.cashin.AuthService.dto.Request.AuthTokenRequest)
2026-06-28 23:20:20 [http-nio-8081-exec-4] WARN  o.s.w.s.m.m.a.ExceptionHandlerExceptionResolver - Resolved [org.springframework.http.converter.HttpMessageNotReadableException: Required request body is missing: public org.springframework.http.ResponseEntity<cl.duoc.cashin.AuthService.dto.Response.AuthTokenResponse> cl.duoc.cashin.AuthService.Controller.AuthTokenController.login(cl.duoc.cashin.AuthService.dto.Request.AuthTokenRequest)]
2026-06-28 23:20:32 [http-nio-8081-exec-6] INFO  c.d.c.A.Service.AuthTokenService - Intentando login para username: juan.perez@cashin.cl
2026-06-28 23:20:32 [http-nio-8081-exec-6] INFO  c.d.c.A.Service.AuthTokenService - Usuario encontrado en user-service: juan.perez@cashin.cl
2026-06-28 23:20:33 [http-nio-8081-exec-6] INFO  c.d.c.A.Service.AuthTokenService - Token JWT generado para username: juan.perez@cashin.cl | expira: 2026-06-29T00:20:33.478514500
2026-06-28 23:20:57 [AsyncResolver-bootstrap-executor-%d] INFO  c.n.d.s.r.aws.ConfigClusterResolver - Resolving eureka endpoints via configuration
2026-06-28 23:21:10 [AsyncResolver-bootstrap-executor-%d] INFO  c.n.d.s.r.aws.ConfigClusterResolver - Resolving eureka endpoints via configuration
2026-06-28 23:21:12 [http-nio-8080-exec-7] INFO  c.d.c.U.Service.UserService - Buscando usuario id: 1
2026-06-28 23:21:23 [AsyncResolver-bootstrap-executor-%d] INFO  c.n.d.s.r.aws.ConfigClusterResolver - Resolving eureka endpoints via configuration
2026-06-28 23:21:47 [AsyncResolver-bootstrap-executor-%d] INFO  c.n.d.s.r.aws.ConfigClusterResolver - Resolving eureka endpoints via configuration
2026-06-28 23:22:08 [AsyncResolver-bootstrap-executor-%d] INFO  c.n.d.s.r.aws.ConfigClusterResolver - Resolving eureka endpoints via configuration
2026-06-28 23:22:51 [AsyncResolver-bootstrap-executor-%d] INFO  c.n.d.s.r.aws.ConfigClusterResolver - Resolving eureka endpoints via configuration
2026-06-28 23:23:09 [AsyncResolver-bootstrap-executor-%d] INFO  c.n.d.s.r.aws.ConfigClusterResolver - Resolving eureka endpoints via configuration
2026-06-28 23:23:32 [AsyncResolver-bootstrap-executor-%d] INFO  c.n.d.s.r.aws.ConfigClusterResolver - Resolving eureka endpoints via configuration
2026-06-28 23:24:13 [AsyncResolver-bootstrap-executor-%d] INFO  c.n.d.s.r.aws.ConfigClusterResolver - Resolving eureka endpoints via configuration
2026-06-28 23:24:32 [AsyncResolver-bootstrap-executor-%d] INFO  c.n.d.s.r.aws.ConfigClusterResolver - Resolving eureka endpoints via configuration
2026-06-28 23:25:57 [AsyncResolver-bootstrap-executor-%d] INFO  c.n.d.s.r.aws.ConfigClusterResolver - Resolving eureka endpoints via configuration
2026-06-28 23:26:10 [AsyncResolver-bootstrap-executor-%d] INFO  c.n.d.s.r.aws.ConfigClusterResolver - Resolving eureka endpoints via configuration
2026-06-28 23:26:23 [AsyncResolver-bootstrap-executor-%d] INFO  c.n.d.s.r.aws.ConfigClusterResolver - Resolving eureka endpoints via configuration
2026-06-28 23:26:29 [DiscoveryClient-CacheRefreshExecutor-%d] INFO  c.n.d.s.t.d.RedirectingEurekaHttpClient - Request execution error. endpoint=DefaultEndpoint{ serviceUrl='http://localhost:8761/eureka/} exception=I/O error on GET request for "http://localhost:8761/eureka/apps/delta": Connect to http://localhost:8761 failed: Connection refused: getsockopt stacktrace=org.springframework.web.client.ResourceAccessException: I/O error on GET request for "http://localhost:8761/eureka/apps/delta": Connect to http://localhost:8761 failed: Connection refused: getsockopt
	at org.springframework.web.client.DefaultRestClient$DefaultRequestBodyUriSpec.createResourceAccessException(DefaultRestClient.java:779)
	at org.springframework.web.client.DefaultRestClient$DefaultRequestBodyUriSpec.exchangeInternal(DefaultRestClient.java:624)
	at org.springframework.web.client.DefaultRestClient$DefaultRequestBodyUriSpec.exchange(DefaultRestClient.java:572)
	at org.springframework.web.client.RestClient$RequestHeadersSpec.exchange(RestClient.java:747)
	at org.springframework.web.client.DefaultRestClient$DefaultResponseSpec.executeAndExtract(DefaultRestClient.java:924)
	at org.springframework.web.client.DefaultRestClient$DefaultResponseSpec.toEntityInternal(DefaultRestClient.java:870)
	at org.springframework.web.client.DefaultRestClient$DefaultResponseSpec.toEntity(DefaultRestClient.java:859)
	at org.springframework.cloud.netflix.eureka.http.RestClientEurekaHttpClient.getApplicationsInternal(RestClientEurekaHttpClient.java:201)
	at org.springframework.cloud.netflix.eureka.http.RestClientEurekaHttpClient.getDelta(RestClientEurekaHttpClient.java:142)
	at com.netflix.discovery.shared.transport.decorator.EurekaHttpClientDecorator$7.execute(EurekaHttpClientDecorator.java:152)
	at com.netflix.discovery.shared.transport.decorator.RedirectingEurekaHttpClient.execute(RedirectingEurekaHttpClient.java:91)
	at com.netflix.discovery.shared.transport.decorator.EurekaHttpClientDecorator.getDelta(EurekaHttpClientDecorator.java:149)
	at com.netflix.discovery.shared.transport.decorator.EurekaHttpClientDecorator$7.execute(EurekaHttpClientDecorator.java:152)
	at com.netflix.discovery.shared.transport.decorator.RetryableEurekaHttpClient.execute(RetryableEurekaHttpClient.java:120)
	at com.netflix.discovery.shared.transport.decorator.EurekaHttpClientDecorator.getDelta(EurekaHttpClientDecorator.java:149)
	at com.netflix.discovery.shared.transport.decorator.EurekaHttpClientDecorator$7.execute(EurekaHttpClientDecorator.java:152)
	at com.netflix.discovery.shared.transport.decorator.SessionedEurekaHttpClient.execute(SessionedEurekaHttpClient.java:76)
	at com.netflix.discovery.shared.transport.decorator.EurekaHttpClientDecorator.getDelta(EurekaHttpClientDecorator.java:149)
	at com.netflix.discovery.DiscoveryClient.getAndUpdateDelta(DiscoveryClient.java:1080)
	at com.netflix.discovery.DiscoveryClient.fetchRegistry(DiscoveryClient.java:963)
	at com.netflix.discovery.DiscoveryClient.refreshRegistry(DiscoveryClient.java:1474)
	at com.netflix.discovery.DiscoveryClient$CacheRefreshThread.run(DiscoveryClient.java:1442)
	at java.base/java.util.concurrent.Executors$RunnableAdapter.call(Unknown Source)
	at java.base/java.util.concurrent.FutureTask.run(Unknown Source)
	at java.base/java.util.concurrent.ThreadPoolExecutor.runWorker(Unknown Source)
	at java.base/java.util.concurrent.ThreadPoolExecutor$Worker.run(Unknown Source)
	at java.base/java.lang.Thread.run(Unknown Source)
Caused by: org.apache.hc.client5.http.HttpHostConnectException: Connect to http://localhost:8761 failed: Connection refused: getsockopt
	at java.base/sun.nio.ch.Net.pollConnect(Native Method)
	at java.base/sun.nio.ch.Net.pollConnectNow(Unknown Source)
	at java.base/sun.nio.ch.NioSocketImpl.timedFinishConnect(Unknown Source)
	at java.base/sun.nio.ch.NioSocketImpl.connect(Unknown Source)
	at java.base/java.net.SocksSocketImpl.connect(Unknown Source)
	at java.base/java.net.Socket.connect(Unknown Source)
	at org.apache.hc.client5.http.impl.io.DefaultHttpClientConnectionOperator.connect(DefaultHttpClientConnectionOperator.java:226)
	at org.apache.hc.client5.http.impl.io.PoolingHttpClientConnectionManager.connect(PoolingHttpClientConnectionManager.java:497)
	at org.apache.hc.client5.http.impl.classic.InternalExecRuntime.connectEndpoint(InternalExecRuntime.java:164)
	at org.apache.hc.client5.http.impl.classic.InternalExecRuntime.connectEndpoint(InternalExecRuntime.java:174)
	at org.apache.hc.client5.http.impl.classic.ConnectExec.execute(ConnectExec.java:144)
	at org.apache.hc.client5.http.impl.classic.ExecChainElement.execute(ExecChainElement.java:51)
	at org.apache.hc.client5.http.impl.classic.ProtocolExec.execute(ProtocolExec.java:195)
	at org.apache.hc.client5.http.impl.classic.ExecChainElement.execute(ExecChainElement.java:51)
	at org.apache.hc.client5.http.impl.classic.ContentCompressionExec.execute(ContentCompressionExec.java:168)
	at org.apache.hc.client5.http.impl.classic.ExecChainElement.execute(ExecChainElement.java:51)
	at org.apache.hc.client5.http.impl.classic.HttpRequestRetryExec.execute(HttpRequestRetryExec.java:112)
	at org.apache.hc.client5.http.impl.classic.ExecChainElement.execute(ExecChainElement.java:51)
	at org.apache.hc.client5.http.impl.classic.RedirectExec.execute(RedirectExec.java:110)
	at org.apache.hc.client5.http.impl.classic.ExecChainElement.execute(ExecChainElement.java:51)
	at org.apache.hc.client5.http.impl.classic.InternalHttpClient.doExecute(InternalHttpClient.java:185)
	at org.apache.hc.client5.http.impl.classic.CloseableHttpClient.execute(CloseableHttpClient.java:87)
	at org.apache.hc.client5.http.impl.classic.CloseableHttpClient.execute(CloseableHttpClient.java:55)
	at org.apache.hc.client5.http.classic.HttpClient.executeOpen(HttpClient.java:183)
	at org.springframework.http.client.HttpComponentsClientHttpRequest.executeInternal(HttpComponentsClientHttpRequest.java:99)
	at org.springframework.http.client.AbstractStreamingClientHttpRequest.executeInternal(AbstractStreamingClientHttpRequest.java:87)
	at org.springframework.http.client.AbstractClientHttpRequest.execute(AbstractClientHttpRequest.java:80)
	at org.springframework.http.client.AbstractBufferingClientHttpRequest.executeWithRequestAndBody(AbstractBufferingClientHttpRequest.java:89)
	at org.springframework.http.client.InterceptingClientHttpRequest$EndOfChainRequestExecution.execute(InterceptingClientHttpRequest.java:102)
	at org.springframework.cloud.netflix.eureka.http.RestClientTransportClientFactory.lambda$newClient$2(RestClientTransportClientFactory.java:98)
	at org.springframework.http.client.ClientHttpRequestInterceptor.lambda$apply$0(ClientHttpRequestInterceptor.java:89)
	at org.springframework.http.client.InterceptingClientHttpRequest.executeInternal(InterceptingClientHttpRequest.java:73)
	at org.springframework.http.client.AbstractBufferingClientHttpRequest.executeInternal(AbstractBufferingClientHttpRequest.java:50)
	at org.springframework.http.client.AbstractClientHttpRequest.execute(AbstractClientHttpRequest.java:80)
	at org.springframework.web.client.DefaultRestClient$DefaultRequestBodyUriSpec.exchangeInternal(DefaultRestClient.java:614)
	... 25 more

2026-06-28 23:26:29 [DiscoveryClient-CacheRefreshExecutor-%d] WARN  c.n.d.s.t.d.RetryableEurekaHttpClient - Request execution failed with message: I/O error on GET request for "http://localhost:8761/eureka/apps/delta": Connect to http://localhost:8761 failed: Connection refused: getsockopt
2026-06-28 23:26:29 [DiscoveryClient-HeartbeatExecutor-%d] INFO  c.n.d.s.t.d.RedirectingEurekaHttpClient - Request execution error. endpoint=DefaultEndpoint{ serviceUrl='http://localhost:8761/eureka/} exception=I/O error on PUT request for "http://localhost:8761/eureka/apps/NOTIFICATION-SERVICE/DESKTOP-1UVIFSR:NOTIFICATION-SERVICE:8088": Connect to http://localhost:8761 failed: Connection refused: getsockopt stacktrace=org.springframework.web.client.ResourceAccessException: I/O error on PUT request for "http://localhost:8761/eureka/apps/NOTIFICATION-SERVICE/DESKTOP-1UVIFSR:NOTIFICATION-SERVICE:8088": Connect to http://localhost:8761 failed: Connection refused: getsockopt
	at org.springframework.web.client.DefaultRestClient$DefaultRequestBodyUriSpec.createResourceAccessException(DefaultRestClient.java:779)
	at org.springframework.web.client.DefaultRestClient$DefaultRequestBodyUriSpec.exchangeInternal(DefaultRestClient.java:624)
	at org.springframework.web.client.DefaultRestClient$DefaultRequestBodyUriSpec.exchange(DefaultRestClient.java:572)
	at org.springframework.web.client.RestClient$RequestHeadersSpec.exchange(RestClient.java:747)
	at org.springframework.web.client.DefaultRestClient$DefaultResponseSpec.executeAndExtract(DefaultRestClient.java:924)
	at org.springframework.web.client.DefaultRestClient$DefaultResponseSpec.toEntityInternal(DefaultRestClient.java:870)
	at org.springframework.web.client.DefaultRestClient$DefaultResponseSpec.toEntity(DefaultRestClient.java:859)
	at org.springframework.cloud.netflix.eureka.http.RestClientEurekaHttpClient.sendHeartBeat(RestClientEurekaHttpClient.java:91)
	at com.netflix.discovery.shared.transport.decorator.EurekaHttpClientDecorator$3.execute(EurekaHttpClientDecorator.java:92)
	at com.netflix.discovery.shared.transport.decorator.RedirectingEurekaHttpClient.execute(RedirectingEurekaHttpClient.java:91)
	at com.netflix.discovery.shared.transport.decorator.EurekaHttpClientDecorator.sendHeartBeat(EurekaHttpClientDecorator.java:89)
	at com.netflix.discovery.shared.transport.decorator.EurekaHttpClientDecorator$3.execute(EurekaHttpClientDecorator.java:92)
	at com.netflix.discovery.shared.transport.decorator.RetryableEurekaHttpClient.execute(RetryableEurekaHttpClient.java:120)
	at com.netflix.discovery.shared.transport.decorator.EurekaHttpClientDecorator.sendHeartBeat(EurekaHttpClientDecorator.java:89)
	at com.netflix.discovery.shared.transport.decorator.EurekaHttpClientDecorator$3.execute(EurekaHttpClientDecorator.java:92)
	at com.netflix.discovery.shared.transport.decorator.SessionedEurekaHttpClient.execute(SessionedEurekaHttpClient.java:76)
	at com.netflix.discovery.shared.transport.decorator.EurekaHttpClientDecorator.sendHeartBeat(EurekaHttpClientDecorator.java:89)
	at com.netflix.discovery.DiscoveryClient.renew(DiscoveryClient.java:845)
	at com.netflix.discovery.DiscoveryClient$HeartbeatThread.run(DiscoveryClient.java:1403)
	at java.base/java.util.concurrent.Executors$RunnableAdapter.call(Unknown Source)
	at java.base/java.util.concurrent.FutureTask.run(Unknown Source)
	at java.base/java.util.concurrent.ThreadPoolExecutor.runWorker(Unknown Source)
	at java.base/java.util.concurrent.ThreadPoolExecutor$Worker.run(Unknown Source)
	at java.base/java.lang.Thread.run(Unknown Source)
Caused by: org.apache.hc.client5.http.HttpHostConnectException: Connect to http://localhost:8761 failed: Connection refused: getsockopt
	at java.base/sun.nio.ch.Net.pollConnect(Native Method)
	at java.base/sun.nio.ch.Net.pollConnectNow(Unknown Source)
	at java.base/sun.nio.ch.NioSocketImpl.timedFinishConnect(Unknown Source)
	at java.base/sun.nio.ch.NioSocketImpl.connect(Unknown Source)
	at java.base/java.net.SocksSocketImpl.connect(Unknown Source)
	at java.base/java.net.Socket.connect(Unknown Source)
	at org.apache.hc.client5.http.impl.io.DefaultHttpClientConnectionOperator.connect(DefaultHttpClientConnectionOperator.java:226)
	at org.apache.hc.client5.http.impl.io.PoolingHttpClientConnectionManager.connect(PoolingHttpClientConnectionManager.java:497)
	at org.apache.hc.client5.http.impl.classic.InternalExecRuntime.connectEndpoint(InternalExecRuntime.java:164)
	at org.apache.hc.client5.http.impl.classic.InternalExecRuntime.connectEndpoint(InternalExecRuntime.java:174)
	at org.apache.hc.client5.http.impl.classic.ConnectExec.execute(ConnectExec.java:144)
	at org.apache.hc.client5.http.impl.classic.ExecChainElement.execute(ExecChainElement.java:51)
	at org.apache.hc.client5.http.impl.classic.ProtocolExec.execute(ProtocolExec.java:195)
	at org.apache.hc.client5.http.impl.classic.ExecChainElement.execute(ExecChainElement.java:51)
	at org.apache.hc.client5.http.impl.classic.ContentCompressionExec.execute(ContentCompressionExec.java:168)
	at org.apache.hc.client5.http.impl.classic.ExecChainElement.execute(ExecChainElement.java:51)
	at org.apache.hc.client5.http.impl.classic.HttpRequestRetryExec.execute(HttpRequestRetryExec.java:112)
	at org.apache.hc.client5.http.impl.classic.ExecChainElement.execute(ExecChainElement.java:51)
	at org.apache.hc.client5.http.impl.classic.RedirectExec.execute(RedirectExec.java:110)
	at org.apache.hc.client5.http.impl.classic.ExecChainElement.execute(ExecChainElement.java:51)
	at org.apache.hc.client5.http.impl.classic.InternalHttpClient.doExecute(InternalHttpClient.java:185)
	at org.apache.hc.client5.http.impl.classic.CloseableHttpClient.execute(CloseableHttpClient.java:87)
	at org.apache.hc.client5.http.impl.classic.CloseableHttpClient.execute(CloseableHttpClient.java:55)
	at org.apache.hc.client5.http.classic.HttpClient.executeOpen(HttpClient.java:183)
	at org.springframework.http.client.HttpComponentsClientHttpRequest.executeInternal(HttpComponentsClientHttpRequest.java:99)
	at org.springframework.http.client.AbstractStreamingClientHttpRequest.executeInternal(AbstractStreamingClientHttpRequest.java:87)
	at org.springframework.http.client.AbstractClientHttpRequest.execute(AbstractClientHttpRequest.java:80)
	at org.springframework.http.client.AbstractBufferingClientHttpRequest.executeWithRequestAndBody(AbstractBufferingClientHttpRequest.java:89)
	at org.springframework.http.client.InterceptingClientHttpRequest$EndOfChainRequestExecution.execute(InterceptingClientHttpRequest.java:102)
	at org.springframework.cloud.netflix.eureka.http.RestClientTransportClientFactory.lambda$newClient$2(RestClientTransportClientFactory.java:98)
	at org.springframework.http.client.ClientHttpRequestInterceptor.lambda$apply$0(ClientHttpRequestInterceptor.java:89)
	at org.springframework.http.client.InterceptingClientHttpRequest.executeInternal(InterceptingClientHttpRequest.java:73)
	at org.springframework.http.client.AbstractBufferingClientHttpRequest.executeInternal(AbstractBufferingClientHttpRequest.java:50)
	at org.springframework.http.client.AbstractClientHttpRequest.execute(AbstractClientHttpRequest.java:80)
	at org.springframework.web.client.DefaultRestClient$DefaultRequestBodyUriSpec.exchangeInternal(DefaultRestClient.java:614)
	... 22 more

2026-06-28 23:26:29 [DiscoveryClient-HeartbeatExecutor-%d] WARN  c.n.d.s.t.d.RetryableEurekaHttpClient - Request execution failed with message: I/O error on PUT request for "http://localhost:8761/eureka/apps/NOTIFICATION-SERVICE/DESKTOP-1UVIFSR:NOTIFICATION-SERVICE:8088": Connect to http://localhost:8761 failed: Connection refused: getsockopt
2026-06-28 23:26:29 [DiscoveryClient-CacheRefreshExecutor-%d] INFO  c.n.d.s.t.d.RedirectingEurekaHttpClient - Request execution error. endpoint=DefaultEndpoint{ serviceUrl='http://localhost:8761/eureka/}, exception=I/O error on GET request for "http://localhost:8761/eureka/apps/delta": Connect to http://localhost:8761 failed: Connection refused: getsockopt stacktrace=org.springframework.web.client.ResourceAccessException: I/O error on GET request for "http://localhost:8761/eureka/apps/delta": Connect to http://localhost:8761 failed: Connection refused: getsockopt
	at org.springframework.web.client.DefaultRestClient$DefaultRequestBodyUriSpec.createResourceAccessException(DefaultRestClient.java:779)
	at org.springframework.web.client.DefaultRestClient$DefaultRequestBodyUriSpec.exchangeInternal(DefaultRestClient.java:624)
	at org.springframework.web.client.DefaultRestClient$DefaultRequestBodyUriSpec.exchange(DefaultRestClient.java:572)
	at org.springframework.web.client.RestClient$RequestHeadersSpec.exchange(RestClient.java:747)
	at org.springframework.web.client.DefaultRestClient$DefaultResponseSpec.executeAndExtract(DefaultRestClient.java:924)
	at org.springframework.web.client.DefaultRestClient$DefaultResponseSpec.toEntityInternal(DefaultRestClient.java:870)
	at org.springframework.web.client.DefaultRestClient$DefaultResponseSpec.toEntity(DefaultRestClient.java:859)
	at org.springframework.cloud.netflix.eureka.http.RestClientEurekaHttpClient.getApplicationsInternal(RestClientEurekaHttpClient.java:201)
	at org.springframework.cloud.netflix.eureka.http.RestClientEurekaHttpClient.getDelta(RestClientEurekaHttpClient.java:142)
	at com.netflix.discovery.shared.transport.decorator.EurekaHttpClientDecorator$7.execute(EurekaHttpClientDecorator.java:152)
	at com.netflix.discovery.shared.transport.decorator.RedirectingEurekaHttpClient.executeOnNewServer(RedirectingEurekaHttpClient.java:121)
	at com.netflix.discovery.shared.transport.decorator.RedirectingEurekaHttpClient.execute(RedirectingEurekaHttpClient.java:80)
	at com.netflix.discovery.shared.transport.decorator.EurekaHttpClientDecorator.getDelta(EurekaHttpClientDecorator.java:149)
	at com.netflix.discovery.shared.transport.decorator.EurekaHttpClientDecorator$7.execute(EurekaHttpClientDecorator.java:152)
	at com.netflix.discovery.shared.transport.decorator.RetryableEurekaHttpClient.execute(RetryableEurekaHttpClient.java:120)
	at com.netflix.discovery.shared.transport.decorator.EurekaHttpClientDecorator.getDelta(EurekaHttpClientDecorator.java:149)
	at com.netflix.discovery.shared.transport.decorator.EurekaHttpClientDecorator$7.execute(EurekaHttpClientDecorator.java:152)
	at com.netflix.discovery.shared.transport.decorator.SessionedEurekaHttpClient.execute(SessionedEurekaHttpClient.java:76)
	at com.netflix.discovery.shared.transport.decorator.EurekaHttpClientDecorator.getDelta(EurekaHttpClientDecorator.java:149)
	at com.netflix.discovery.DiscoveryClient.getAndUpdateDelta(DiscoveryClient.java:1080)
	at com.netflix.discovery.DiscoveryClient.fetchRegistry(DiscoveryClient.java:963)
	at com.netflix.discovery.DiscoveryClient.refreshRegistry(DiscoveryClient.java:1474)
	at com.netflix.discovery.DiscoveryClient$CacheRefreshThread.run(DiscoveryClient.java:1442)
	at java.base/java.util.concurrent.Executors$RunnableAdapter.call(Unknown Source)
	at java.base/java.util.concurrent.FutureTask.run(Unknown Source)
	at java.base/java.util.concurrent.ThreadPoolExecutor.runWorker(Unknown Source)
	at java.base/java.util.concurrent.ThreadPoolExecutor$Worker.run(Unknown Source)
	at java.base/java.lang.Thread.run(Unknown Source)
Caused by: org.apache.hc.client5.http.HttpHostConnectException: Connect to http://localhost:8761 failed: Connection refused: getsockopt
	at java.base/sun.nio.ch.Net.pollConnect(Native Method)
	at java.base/sun.nio.ch.Net.pollConnectNow(Unknown Source)
	at java.base/sun.nio.ch.NioSocketImpl.timedFinishConnect(Unknown Source)
	at java.base/sun.nio.ch.NioSocketImpl.connect(Unknown Source)
	at java.base/java.net.SocksSocketImpl.connect(Unknown Source)
	at java.base/java.net.Socket.connect(Unknown Source)
	at org.apache.hc.client5.http.impl.io.DefaultHttpClientConnectionOperator.connect(DefaultHttpClientConnectionOperator.java:226)
	at org.apache.hc.client5.http.impl.io.PoolingHttpClientConnectionManager.connect(PoolingHttpClientConnectionManager.java:497)
	at org.apache.hc.client5.http.impl.classic.InternalExecRuntime.connectEndpoint(InternalExecRuntime.java:164)
	at org.apache.hc.client5.http.impl.classic.InternalExecRuntime.connectEndpoint(InternalExecRuntime.java:174)
	at org.apache.hc.client5.http.impl.classic.ConnectExec.execute(ConnectExec.java:144)
	at org.apache.hc.client5.http.impl.classic.ExecChainElement.execute(ExecChainElement.java:51)
	at org.apache.hc.client5.http.impl.classic.ProtocolExec.execute(ProtocolExec.java:195)
	at org.apache.hc.client5.http.impl.classic.ExecChainElement.execute(ExecChainElement.java:51)
	at org.apache.hc.client5.http.impl.classic.ContentCompressionExec.execute(ContentCompressionExec.java:168)
	at org.apache.hc.client5.http.impl.classic.ExecChainElement.execute(ExecChainElement.java:51)
	at org.apache.hc.client5.http.impl.classic.HttpRequestRetryExec.execute(HttpRequestRetryExec.java:112)
	at org.apache.hc.client5.http.impl.classic.ExecChainElement.execute(ExecChainElement.java:51)
	at org.apache.hc.client5.http.impl.classic.RedirectExec.execute(RedirectExec.java:110)
	at org.apache.hc.client5.http.impl.classic.ExecChainElement.execute(ExecChainElement.java:51)
	at org.apache.hc.client5.http.impl.classic.InternalHttpClient.doExecute(InternalHttpClient.java:185)
	at org.apache.hc.client5.http.impl.classic.CloseableHttpClient.execute(CloseableHttpClient.java:87)
	at org.apache.hc.client5.http.impl.classic.CloseableHttpClient.execute(CloseableHttpClient.java:55)
	at org.apache.hc.client5.http.classic.HttpClient.executeOpen(HttpClient.java:183)
	at org.springframework.http.client.HttpComponentsClientHttpRequest.executeInternal(HttpComponentsClientHttpRequest.java:99)
	at org.springframework.http.client.AbstractStreamingClientHttpRequest.executeInternal(AbstractStreamingClientHttpRequest.java:87)
	at org.springframework.http.client.AbstractClientHttpRequest.execute(AbstractClientHttpRequest.java:80)
	at org.springframework.http.client.AbstractBufferingClientHttpRequest.executeWithRequestAndBody(AbstractBufferingClientHttpRequest.java:89)
	at org.springframework.http.client.InterceptingClientHttpRequest$EndOfChainRequestExecution.execute(InterceptingClientHttpRequest.java:102)
	at org.springframework.cloud.netflix.eureka.http.RestClientTransportClientFactory.lambda$newClient$2(RestClientTransportClientFactory.java:98)
	at org.springframework.http.client.ClientHttpRequestInterceptor.lambda$apply$0(ClientHttpRequestInterceptor.java:89)
	at org.springframework.http.client.InterceptingClientHttpRequest.executeInternal(InterceptingClientHttpRequest.java:73)
	at org.springframework.http.client.AbstractBufferingClientHttpRequest.executeInternal(AbstractBufferingClientHttpRequest.java:50)
	at org.springframework.http.client.AbstractClientHttpRequest.execute(AbstractClientHttpRequest.java:80)
	at org.springframework.web.client.DefaultRestClient$DefaultRequestBodyUriSpec.exchangeInternal(DefaultRestClient.java:614)
	... 26 more

2026-06-28 23:26:29 [DiscoveryClient-CacheRefreshExecutor-%d] WARN  c.n.d.s.t.d.RetryableEurekaHttpClient - Request execution failed with message: I/O error on GET request for "http://localhost:8761/eureka/apps/delta": Connect to http://localhost:8761 failed: Connection refused: getsockopt
2026-06-28 23:26:29 [DiscoveryClient-CacheRefreshExecutor-%d] INFO  c.netflix.discovery.DiscoveryClient - DiscoveryClient_NOTIFICATION-SERVICE/DESKTOP-1UVIFSR:NOTIFICATION-SERVICE:8088 - was unable to refresh its cache! This periodic background refresh will be retried in 30 seconds. status = Cannot execute request on any known server stacktrace = com.netflix.discovery.shared.transport.TransportException: Cannot execute request on any known server
	at com.netflix.discovery.shared.transport.decorator.RetryableEurekaHttpClient.execute(RetryableEurekaHttpClient.java:112)
	at com.netflix.discovery.shared.transport.decorator.EurekaHttpClientDecorator.getDelta(EurekaHttpClientDecorator.java:149)
	at com.netflix.discovery.shared.transport.decorator.EurekaHttpClientDecorator$7.execute(EurekaHttpClientDecorator.java:152)
	at com.netflix.discovery.shared.transport.decorator.SessionedEurekaHttpClient.execute(SessionedEurekaHttpClient.java:76)
	at com.netflix.discovery.shared.transport.decorator.EurekaHttpClientDecorator.getDelta(EurekaHttpClientDecorator.java:149)
	at com.netflix.discovery.DiscoveryClient.getAndUpdateDelta(DiscoveryClient.java:1080)
	at com.netflix.discovery.DiscoveryClient.fetchRegistry(DiscoveryClient.java:963)
	at com.netflix.discovery.DiscoveryClient.refreshRegistry(DiscoveryClient.java:1474)
	at com.netflix.discovery.DiscoveryClient$CacheRefreshThread.run(DiscoveryClient.java:1442)
	at java.base/java.util.concurrent.Executors$RunnableAdapter.call(Unknown Source)
	at java.base/java.util.concurrent.FutureTask.run(Unknown Source)
	at java.base/java.util.concurrent.ThreadPoolExecutor.runWorker(Unknown Source)
	at java.base/java.util.concurrent.ThreadPoolExecutor$Worker.run(Unknown Source)
	at java.base/java.lang.Thread.run(Unknown Source)

2026-06-28 23:26:29 [DiscoveryClient-HeartbeatExecutor-%d] INFO  c.n.d.s.t.d.RedirectingEurekaHttpClient - Request execution error. endpoint=DefaultEndpoint{ serviceUrl='http://localhost:8761/eureka/}, exception=I/O error on PUT request for "http://localhost:8761/eureka/apps/NOTIFICATION-SERVICE/DESKTOP-1UVIFSR:NOTIFICATION-SERVICE:8088": Connect to http://localhost:8761 failed: Connection refused: getsockopt stacktrace=org.springframework.web.client.ResourceAccessException: I/O error on PUT request for "http://localhost:8761/eureka/apps/NOTIFICATION-SERVICE/DESKTOP-1UVIFSR:NOTIFICATION-SERVICE:8088": Connect to http://localhost:8761 failed: Connection refused: getsockopt
	at org.springframework.web.client.DefaultRestClient$DefaultRequestBodyUriSpec.createResourceAccessException(DefaultRestClient.java:779)
	at org.springframework.web.client.DefaultRestClient$DefaultRequestBodyUriSpec.exchangeInternal(DefaultRestClient.java:624)
	at org.springframework.web.client.DefaultRestClient$DefaultRequestBodyUriSpec.exchange(DefaultRestClient.java:572)
	at org.springframework.web.client.RestClient$RequestHeadersSpec.exchange(RestClient.java:747)
	at org.springframework.web.client.DefaultRestClient$DefaultResponseSpec.executeAndExtract(DefaultRestClient.java:924)
	at org.springframework.web.client.DefaultRestClient$DefaultResponseSpec.toEntityInternal(DefaultRestClient.java:870)
	at org.springframework.web.client.DefaultRestClient$DefaultResponseSpec.toEntity(DefaultRestClient.java:859)
	at org.springframework.cloud.netflix.eureka.http.RestClientEurekaHttpClient.sendHeartBeat(RestClientEurekaHttpClient.java:91)
	at com.netflix.discovery.shared.transport.decorator.EurekaHttpClientDecorator$3.execute(EurekaHttpClientDecorator.java:92)
	at com.netflix.discovery.shared.transport.decorator.RedirectingEurekaHttpClient.executeOnNewServer(RedirectingEurekaHttpClient.java:121)
	at com.netflix.discovery.shared.transport.decorator.RedirectingEurekaHttpClient.execute(RedirectingEurekaHttpClient.java:80)
	at com.netflix.discovery.shared.transport.decorator.EurekaHttpClientDecorator.sendHeartBeat(EurekaHttpClientDecorator.java:89)
	at com.netflix.discovery.shared.transport.decorator.EurekaHttpClientDecorator$3.execute(EurekaHttpClientDecorator.java:92)
	at com.netflix.discovery.shared.transport.decorator.RetryableEurekaHttpClient.execute(RetryableEurekaHttpClient.java:120)
	at com.netflix.discovery.shared.transport.decorator.EurekaHttpClientDecorator.sendHeartBeat(EurekaHttpClientDecorator.java:89)
	at com.netflix.discovery.shared.transport.decorator.EurekaHttpClientDecorator$3.execute(EurekaHttpClientDecorator.java:92)
	at com.netflix.discovery.shared.transport.decorator.SessionedEurekaHttpClient.execute(SessionedEurekaHttpClient.java:76)
	at com.netflix.discovery.shared.transport.decorator.EurekaHttpClientDecorator.sendHeartBeat(EurekaHttpClientDecorator.java:89)
	at com.netflix.discovery.DiscoveryClient.renew(DiscoveryClient.java:845)
	at com.netflix.discovery.DiscoveryClient$HeartbeatThread.run(DiscoveryClient.java:1403)
	at java.base/java.util.concurrent.Executors$RunnableAdapter.call(Unknown Source)
	at java.base/java.util.concurrent.FutureTask.run(Unknown Source)
	at java.base/java.util.concurrent.ThreadPoolExecutor.runWorker(Unknown Source)
	at java.base/java.util.concurrent.ThreadPoolExecutor$Worker.run(Unknown Source)
	at java.base/java.lang.Thread.run(Unknown Source)
Caused by: org.apache.hc.client5.http.HttpHostConnectException: Connect to http://localhost:8761 failed: Connection refused: getsockopt
	at java.base/sun.nio.ch.Net.pollConnect(Native Method)
	at java.base/sun.nio.ch.Net.pollConnectNow(Unknown Source)
	at java.base/sun.nio.ch.NioSocketImpl.timedFinishConnect(Unknown Source)
	at java.base/sun.nio.ch.NioSocketImpl.connect(Unknown Source)
	at java.base/java.net.SocksSocketImpl.connect(Unknown Source)
	at java.base/java.net.Socket.connect(Unknown Source)
	at org.apache.hc.client5.http.impl.io.DefaultHttpClientConnectionOperator.connect(DefaultHttpClientConnectionOperator.java:226)
	at org.apache.hc.client5.http.impl.io.PoolingHttpClientConnectionManager.connect(PoolingHttpClientConnectionManager.java:497)
	at org.apache.hc.client5.http.impl.classic.InternalExecRuntime.connectEndpoint(InternalExecRuntime.java:164)
	at org.apache.hc.client5.http.impl.classic.InternalExecRuntime.connectEndpoint(InternalExecRuntime.java:174)
	at org.apache.hc.client5.http.impl.classic.ConnectExec.execute(ConnectExec.java:144)
	at org.apache.hc.client5.http.impl.classic.ExecChainElement.execute(ExecChainElement.java:51)
	at org.apache.hc.client5.http.impl.classic.ProtocolExec.execute(ProtocolExec.java:195)
	at org.apache.hc.client5.http.impl.classic.ExecChainElement.execute(ExecChainElement.java:51)
	at org.apache.hc.client5.http.impl.classic.ContentCompressionExec.execute(ContentCompressionExec.java:168)
	at org.apache.hc.client5.http.impl.classic.ExecChainElement.execute(ExecChainElement.java:51)
	at org.apache.hc.client5.http.impl.classic.HttpRequestRetryExec.execute(HttpRequestRetryExec.java:112)
	at org.apache.hc.client5.http.impl.classic.ExecChainElement.execute(ExecChainElement.java:51)
	at org.apache.hc.client5.http.impl.classic.RedirectExec.execute(RedirectExec.java:110)
	at org.apache.hc.client5.http.impl.classic.ExecChainElement.execute(ExecChainElement.java:51)
	at org.apache.hc.client5.http.impl.classic.InternalHttpClient.doExecute(InternalHttpClient.java:185)
	at org.apache.hc.client5.http.impl.classic.CloseableHttpClient.execute(CloseableHttpClient.java:87)
	at org.apache.hc.client5.http.impl.classic.CloseableHttpClient.execute(CloseableHttpClient.java:55)
	at org.apache.hc.client5.http.classic.HttpClient.executeOpen(HttpClient.java:183)
	at org.springframework.http.client.HttpComponentsClientHttpRequest.executeInternal(HttpComponentsClientHttpRequest.java:99)
	at org.springframework.http.client.AbstractStreamingClientHttpRequest.executeInternal(AbstractStreamingClientHttpRequest.java:87)
	at org.springframework.http.client.AbstractClientHttpRequest.execute(AbstractClientHttpRequest.java:80)
	at org.springframework.http.client.AbstractBufferingClientHttpRequest.executeWithRequestAndBody(AbstractBufferingClientHttpRequest.java:89)
	at org.springframework.http.client.InterceptingClientHttpRequest$EndOfChainRequestExecution.execute(InterceptingClientHttpRequest.java:102)
	at org.springframework.cloud.netflix.eureka.http.RestClientTransportClientFactory.lambda$newClient$2(RestClientTransportClientFactory.java:98)
	at org.springframework.http.client.ClientHttpRequestInterceptor.lambda$apply$0(ClientHttpRequestInterceptor.java:89)
	at org.springframework.http.client.InterceptingClientHttpRequest.executeInternal(InterceptingClientHttpRequest.java:73)
	at org.springframework.http.client.AbstractBufferingClientHttpRequest.executeInternal(AbstractBufferingClientHttpRequest.java:50)
	at org.springframework.http.client.AbstractClientHttpRequest.execute(AbstractClientHttpRequest.java:80)
	at org.springframework.web.client.DefaultRestClient$DefaultRequestBodyUriSpec.exchangeInternal(DefaultRestClient.java:614)
	... 23 more

2026-06-28 23:26:29 [DiscoveryClient-HeartbeatExecutor-%d] WARN  c.n.d.s.t.d.RetryableEurekaHttpClient - Request execution failed with message: I/O error on PUT request for "http://localhost:8761/eureka/apps/NOTIFICATION-SERVICE/DESKTOP-1UVIFSR:NOTIFICATION-SERVICE:8088": Connect to http://localhost:8761 failed: Connection refused: getsockopt
2026-06-28 23:26:29 [DiscoveryClient-HeartbeatExecutor-%d] ERROR c.netflix.discovery.DiscoveryClient - DiscoveryClient_NOTIFICATION-SERVICE/DESKTOP-1UVIFSR:NOTIFICATION-SERVICE:8088 - was unable to send heartbeat!
com.netflix.discovery.shared.transport.TransportException: Cannot execute request on any known server
	at com.netflix.discovery.shared.transport.decorator.RetryableEurekaHttpClient.execute(RetryableEurekaHttpClient.java:112)
	at com.netflix.discovery.shared.transport.decorator.EurekaHttpClientDecorator.sendHeartBeat(EurekaHttpClientDecorator.java:89)
	at com.netflix.discovery.shared.transport.decorator.EurekaHttpClientDecorator$3.execute(EurekaHttpClientDecorator.java:92)
	at com.netflix.discovery.shared.transport.decorator.SessionedEurekaHttpClient.execute(SessionedEurekaHttpClient.java:76)
	at com.netflix.discovery.shared.transport.decorator.EurekaHttpClientDecorator.sendHeartBeat(EurekaHttpClientDecorator.java:89)
	at com.netflix.discovery.DiscoveryClient.renew(DiscoveryClient.java:845)
	at com.netflix.discovery.DiscoveryClient$HeartbeatThread.run(DiscoveryClient.java:1403)
	at java.base/java.util.concurrent.Executors$RunnableAdapter.call(Unknown Source)
	at java.base/java.util.concurrent.FutureTask.run(Unknown Source)
	at java.base/java.util.concurrent.ThreadPoolExecutor.runWorker(Unknown Source)
	at java.base/java.util.concurrent.ThreadPoolExecutor$Worker.run(Unknown Source)
	at java.base/java.lang.Thread.run(Unknown Source)
